beeld URL,modelnaam,tag 1,tag 2,tag 3,tag 4,tag 5,tag 6,tag 7,tag 8,tag 9,tag 10,tag 11, tag 12,tag 13,tag 14,tag 15,tag 16,tag 17,tag 18,tag 19,tag 20
http://ec2-18-191-252-182.us-east-2.compute.amazonaws.com:8182/iiif/2/DIA-0001-0005/full/full/0/default.jpg,Travel,Boat (0.90318656),Summer (0.48415628),Water Sports (0.37418973),Daytime (0.30857024),Sports & Activities (0.30161813),People (0.2495456),Bicycling (0.19288544),Water Park (0.19091836),Terrace (0.1692036),Surroundings (0.13382211),Tennis Court (0.11685186),Spring (0.11218669),Snow & Ski Sports (0.11143849),Balcony (0.08898765),Beach (0.078093395),View (0.07364523),Golf Course (0.06658195),Casino (0.052246),Building (0.049048755),Nighttime (0.04514297)
http://ec2-18-191-252-182.us-east-2.compute.amazonaws.com:8182/iiif/2/DIA-0001-0050/full/full/0/default.jpg,Travel,Boat (0.9934742),People (0.71057415),Daytime (0.57913125),Balcony (0.52354777),Hot Tub (0.4382175),Water Park (0.34190184),Fountain (0.32958794),Snow & Ski Sports (0.3264522),Water Sports (0.29084352),Summer (0.28900787),Terrace (0.26832414),Animals (0.15770125),Surroundings (0.12133712),Casino (0.11966418),Television (0.09035178),View (0.08784968),Bar (0.081115715),Restaurant (0.07565864),Details (0.066211864),Sports & Activities (0.059092455)
http://ec2-18-191-252-182.us-east-2.compute.amazonaws.com:8182/iiif/2/DIA-0001-0197/full/full/0/default.jpg,Travel,Gift Shop (0.98315626),Food & Beverages (0.36913776),Bar (0.36319584),Restaurant (0.36275727),Reception (0.3510972),Sports & Activities (0.34200576),Animals (0.25263578),Entrance (0.22354025),Game Room (0.1867134),Daytime (0.1821896),Lounge (0.18044667),Summer (0.16225915),People (0.15841849),Building (0.14244758),Fireplace (0.14057457),Garden (0.09519971),Wedding (0.091748476),Nighttime (0.08826486),Snow & Ski Sports (0.08478667),Casino (0.08309736)
http://ec2-18-191-252-182.us-east-2.compute.amazonaws.com:8182/iiif/2/DIA-0001-0201/full/full/0/default.jpg,Travel,Boat (0.92893374),Summer (0.8197154),People (0.5923304),Terrace (0.37943265),Daytime (0.36346135),Sports & Activities (0.3608578),Surroundings (0.29570422),Television (0.27078095),Entrance (0.26924598),Fireplace (0.21737644),Water Sports (0.1798864),Spring (0.15878122),Golf Course (0.15102679),Bicycling (0.1236647),Hot Tub (0.10248977),Animals (0.101409025),Kids Area (0.096527375),Bar (0.092440076),Restaurant (0.08948154),Building (0.08868085)
http://ec2-18-191-252-182.us-east-2.compute.amazonaws.com:8182/iiif/2/DIA-0001-0234/full/full/0/default.jpg,Travel,Boat (0.89826274),People (0.84632385),Daytime (0.7496416),Summer (0.6985076),Terrace (0.4955859),Water Sports (0.30466923),Water Park (0.27124467),Snow & Ski Sports (0.20502324),Restaurant (0.20387594),Entrance (0.20324144),Television (0.19791234),Surroundings (0.17720453),Wedding (0.16593477),Sports & Activities (0.15862761),Autumn (0.15168683),Animals (0.1440533),Fireplace (0.12262329),Casino (0.105344005),Nighttime (0.10250973),Bar (0.0853456)
http://ec2-18-191-252-182.us-east-2.compute.amazonaws.com:8182/iiif/2/DIA-0002-0147/full/full/0/default.jpg,Travel,Gift Shop (0.9016657),Summer (0.4888439),Animals (0.40639693),Autumn (0.25448903),Surroundings (0.24862938),Kids Area (0.23605327),People (0.23007989),Food & Beverages (0.22497834),Daytime (0.21168068),Restaurant (0.1616231),Snow & Ski Sports (0.15306488),Spring (0.128852),Entrance (0.109414004),Bar (0.107059725),Garden (0.096433125),Terrace (0.087720335),Fireplace (0.07717969),Sports & Activities (0.07666426),Reception (0.064598046),Communal Areas (0.057971478)
http://ec2-18-191-252-182.us-east-2.compute.amazonaws.com:8182/iiif/2/DIA-0003-0020/full/full/0/default.jpg,Travel,Building (0.9479004),Balcony (0.931537),Entrance (0.7357508),Details (0.6620608),Summer (0.6235792),View (0.39937568),Surroundings (0.37753397),Daytime (0.34885484),Boat (0.21723409),Terrace (0.21017683),People (0.20900583),Television (0.12489944),Sports & Activities (0.11228706),Fountain (0.07341072),Garden (0.07301312),Nighttime (0.055112712),Winter (0.048357714),Logo (0.04652635),Autumn (0.037365768),In-Room Kitchenette (0.03664893)
http://ec2-18-191-252-182.us-east-2.compute.amazonaws.com:8182/iiif/2/DIA-0003-0052/full/full/0/default.jpg,Travel,Building (0.92493343),Daytime (0.70556635),Casino (0.69339395),Surroundings (0.43481833),Garden (0.3733697),Nighttime (0.35584727),Tennis Court (0.29505056),Terrace (0.24529746),Summer (0.22153947),Fountain (0.2096744),Television (0.2072764),Balcony (0.20516163),Entrance (0.1966341),View (0.16505606),Beach (0.15736757),Details (0.13521129),Boat (0.12861367),Sports & Activities (0.09953575),People (0.090068296),Water Sports (0.07164382)
http://ec2-18-191-252-182.us-east-2.compute.amazonaws.com:8182/iiif/2/DIA-0006-0066/full/full/0/default.jpg,Travel,People (0.94872326),Daytime (0.8401213),Summer (0.6287897),Surroundings (0.5792388),Building (0.44340518),Entrance (0.4213737),Sports & Activities (0.3532648),Restaurant (0.32414934),Terrace (0.2941537),Garden (0.2862094),Television (0.2563597),Details (0.25118086),Fountain (0.24989398),Autumn (0.24287024),Animals (0.21128815),Nighttime (0.21060821),Spring (0.17398159),Food & Beverages (0.1608811),Fireplace (0.122146994),Couch (0.11277988)
http://ec2-18-191-252-182.us-east-2.compute.amazonaws.com:8182/iiif/2/DIA-0006-0131/full/full/0/default.jpg,Travel,Terrace (0.63408005),Balcony (0.6114998),Summer (0.56257796),Surroundings (0.4926565),View (0.4123881),Daytime (0.38645184),Entrance (0.3620956),People (0.36179897),Boat (0.321234),Building (0.2770778),Fountain (0.24664754),Winter (0.19456391),Food & Beverages (0.14700066),Autumn (0.14448588),Details (0.10846614),Nighttime (0.10521961),Stairs (0.102560006),Sports & Activities (0.10186718),Snow & Ski Sports (0.092241466),Restaurant (0.08944917)
http://ec2-18-191-252-182.us-east-2.compute.amazonaws.com:8182/iiif/2/DIA-0006-0135/full/full/0/default.jpg,Travel,People (0.9053119),Daytime (0.63510084),Summer (0.58869874),Animals (0.4620542),Surroundings (0.42434704),Sports & Activities (0.4014776),Terrace (0.3480381),Bicycling (0.33280316),Fountain (0.28810883),Boat (0.21596292),Restaurant (0.20910612),Building (0.20523652),Television (0.17405935),Balcony (0.16454588),Spring (0.16190171),Snow & Ski Sports (0.1584578),Food & Beverages (0.15693206),Nighttime (0.15667252),Fireplace (0.1503534),Yoga (0.14386934)
http://ec2-18-191-252-182.us-east-2.compute.amazonaws.com:8182/iiif/2/DIA-0006-0204/full/full/0/default.jpg,Travel,Boat (0.91339415),Daytime (0.70361334),Television (0.6335162),People (0.5856716),Fireplace (0.45363504),Snow & Ski Sports (0.3955059),Entrance (0.38152775),Building (0.34157315),Summer (0.2728073),Surroundings (0.2524123),Reception (0.24651527),Sports & Activities (0.17839149),Animals (0.17281735),Details (0.16738161),Bunk Beds (0.16353972),Terrace (0.16188571),Water Sports (0.15607469),Fountain (0.12858348),Bicycling (0.11888873),Balcony (0.115706995)
http://ec2-18-191-252-182.us-east-2.compute.amazonaws.com:8182/iiif/2/DIA-0008-0075/full/full/0/default.jpg,Travel,Garden (0.7807564),Fountain (0.73340446),Entrance (0.48528835),Summer (0.3871269),Terrace (0.32473472),Building (0.26450875),People (0.25310656),Surroundings (0.24155669),Details (0.2176756),Daytime (0.2093743),Sports & Activities (0.20741323),Communal Areas (0.18390831),Wellness & Spa (0.17244299),Fireplace (0.13853298),Kids Area (0.13558191),Nighttime (0.13114366),Yoga (0.11564039),Boat (0.11451184),Couch (0.11238437),Television (0.111736394)
http://ec2-18-191-252-182.us-east-2.compute.amazonaws.com:8182/iiif/2/DIA-0009-0063/full/full/0/default.jpg,Travel,Fountain (0.969848),Surroundings (0.73360336),Entrance (0.6298445),Terrace (0.55833626),Summer (0.36906648),Building (0.352657),Garden (0.31540143),Sports & Activities (0.27295375),Restaurant (0.22458997),Daytime (0.21525791),People (0.20118248),Communal Areas (0.19525647),View (0.1589647),Spring (0.101123296),Golf Course (0.09724572),Reception (0.090305276),Autumn (0.08995786),Winter (0.089807734),Stairs (0.08933715),Food & Beverages (0.080042176)
http://ec2-18-191-252-182.us-east-2.compute.amazonaws.com:8182/iiif/2/DIA-0014-0042/full/full/0/default.jpg,Travel,null (null),null (null),null (null),null (null),null (null),null (null),null (null),null (null),null (null),null (null),null (null),null (null),null (null),null (null),null (null),null (null),null (null),null (null),null (null),null (null)
http://ec2-18-191-252-182.us-east-2.compute.amazonaws.com:8182/iiif/2/DIA-0016-0063/full/full/0/default.jpg,Travel,Building (0.8766738),Summer (0.68622005),View (0.6043098),Surroundings (0.36938906),Balcony (0.34945562),Garden (0.31864533),Daytime (0.28206205),Boat (0.2607059),Details (0.2094517),Terrace (0.16348249),Casino (0.1267469),Television (0.11592274),Spring (0.11378614),People (0.0947251),Nighttime (0.08639085),Entrance (0.08255689),Water Sports (0.061721925),Winter (0.061438613),Golf Course (0.059734523),Water Park (0.056735825)
http://ec2-18-191-252-182.us-east-2.compute.amazonaws.com:8182/iiif/2/DIA-0016-0088/full/full/0/default.jpg,Travel,Boat (0.91019833),People (0.9000536),Daytime (0.8229513),Sports & Activities (0.43980488),Snow & Ski Sports (0.40930957),Water Sports (0.31355748),Summer (0.3040638),Bicycling (0.23395222),Terrace (0.2150729),Water Park (0.19865611),Casino (0.19495764),Television (0.192177),Kids Area (0.17174195),Autumn (0.14082012),Animals (0.13080525),Restaurant (0.12105654),Balcony (0.11199605),Food & Beverages (0.10186185),Bar (0.10107653),Surroundings (0.097319745)
http://ec2-18-191-252-182.us-east-2.compute.amazonaws.com:8182/iiif/2/DIA-0029-0094/full/full/0/default.jpg,Travel,Surroundings (0.5946768),People (0.57962584),Sports & Activities (0.51613986),Summer (0.43735358),Bicycling (0.42314938),Restaurant (0.40378594),Daytime (0.34573436),Animals (0.33968207),Terrace (0.33641168),Beach (0.31956378),Yoga (0.27499196),Snow & Ski Sports (0.18689641),Building (0.18504153),View (0.18034637),Kids Area (0.17676455),Autumn (0.1725746),Nighttime (0.13619168),Tennis Court (0.13288732),Spring (0.13072863),Food & Beverages (0.12856436)
http://ec2-18-191-252-182.us-east-2.compute.amazonaws.com:8182/iiif/2/DIA-0029-0100/full/full/0/default.jpg,Travel,People (0.8481309),Summer (0.69751066),Daytime (0.44868767),Sports & Activities (0.43221077),Terrace (0.41130218),Yoga (0.3750667),Bicycling (0.25604698),Surroundings (0.25283384),Boat (0.24893129),Restaurant (0.23216835),Animals (0.21335347),Food & Beverages (0.18403327),Television (0.17170642),Golf Course (0.15765217),View (0.14540216),Tennis Court (0.14308259),Building (0.13715),Casino (0.12909159),Fountain (0.1253501),Autumn (0.119788505)
http://ec2-18-191-252-182.us-east-2.compute.amazonaws.com:8182/iiif/2/DIA-0037-0014/full/full/0/default.jpg,Travel,People (0.9421198),Beach (0.6742395),Wedding (0.6686261),Boat (0.4666512),Daytime (0.44027385),Water Sports (0.39594936),Snow & Ski Sports (0.27658504),Sports & Activities (0.25008932),Restaurant (0.19296902),Summer (0.18800332),Television (0.14474964),Balcony (0.106793),Spring (0.10178391),Terrace (0.095614046),Food & Beverages (0.07264231),Surroundings (0.06807594),Bicycling (0.06278339),Entrance (0.058572225),Nighttime (0.05840394),Autumn (0.056960393)
http://ec2-18-191-252-182.us-east-2.compute.amazonaws.com:8182/iiif/2/DIA-0037-0069/full/full/0/default.jpg,Travel,Water Sports (0.87252706),Beach (0.83548236),Boat (0.58603007),Surroundings (0.25104547),Daytime (0.22340402),Yoga (0.21067277),Sports & Activities (0.17831661),Summer (0.151988),People (0.08005431),Building (0.06742799),Television (0.063169025),Bicycling (0.06259663),Snow & Ski Sports (0.05575235),Balcony (0.053306967),View (0.04920084),Nighttime (0.03899821),Chair (0.034739144),Golf Course (0.033941276),Massage (0.033577744),Autumn (0.032226015)
http://ec2-18-191-252-182.us-east-2.compute.amazonaws.com:8182/iiif/2/DIA-0037-0149/full/full/0/default.jpg,Travel,People (0.5098133),Sports & Activities (0.50909513),Summer (0.42658707),Daytime (0.41599232),Entrance (0.3022423),Water Sports (0.25381926),Television (0.18545935),Building (0.17250015),Spring (0.14946142),Golf Course (0.14185897),Surroundings (0.1399369),Animals (0.12535873),Garden (0.106680535),Details (0.10159125),Bicycling (0.07937837),Autumn (0.075398006),Wellness & Spa (0.07099167),Boat (0.070952415),Fireplace (0.07076816),Kids Area (0.06256893)
http://ec2-18-191-252-182.us-east-2.compute.amazonaws.com:8182/iiif/2/DIA-0046-00244/full/full/0/default.jpg,Travel,Boat (0.94602233),Surroundings (0.35193646),Daytime (0.31236315),Summer (0.28612965),Fireplace (0.25815248),People (0.24151711),Water Sports (0.23544084),View (0.203134),Autumn (0.18118729),Sports & Activities (0.17701697),Building (0.16835767),Entrance (0.15870926),Terrace (0.14949743),Television (0.14492626),Details (0.11156004),Winter (0.10702447),Coffee Machine (0.10639276),Bar (0.10358539),Snow & Ski Sports (0.09300265),Golf Course (0.09128879)
http://ec2-18-191-252-182.us-east-2.compute.amazonaws.com:8182/iiif/2/DIA-0046-00253/full/full/0/default.jpg,Travel,Summer (0.80604523),Boat (0.7277325),Beach (0.7235428),View (0.5035911),Terrace (0.49239028),Surroundings (0.36429805),Water Sports (0.3546067),Golf Course (0.31303447),Kids Area (0.2811592),Autumn (0.20604302),Daytime (0.15978967),Balcony (0.15950672),Garden (0.14913036),Fireplace (0.14127131),Yoga (0.13020775),Massage (0.12816262),Hot Tub (0.11406467),Chair (0.10065803),Communal Areas (0.09307737),Spring (0.09256661)
http://ec2-18-191-252-182.us-east-2.compute.amazonaws.com:8182/iiif/2/DIA-0049-0411/full/full/0/default.jpg,Travel,People (0.7027131),Terrace (0.6949264),Summer (0.5490891),Daytime (0.5004839),Surroundings (0.46543968),Animals (0.32660466),Balcony (0.31902996),Stairs (0.2999159),Sports & Activities (0.2870176),Kids Area (0.2181492),Bicycling (0.15100068),Casino (0.11642374),View (0.09620356),Restaurant (0.08483471),Garden (0.08099433),Television (0.077930376),Wedding (0.07762348),Entrance (0.07290595),Communal Areas (0.07255562),Building (0.06699929)
http://ec2-18-191-252-182.us-east-2.compute.amazonaws.com:8182/iiif/2/DIA-0052-00044/full/full/0/default.jpg,Travel,null (null),null (null),null (null),null (null),null (null),null (null),null (null),null (null),null (null),null (null),null (null),null (null),null (null),null (null),null (null),null (null),null (null),null (null),null (null),null (null)
http://ec2-18-191-252-182.us-east-2.compute.amazonaws.com:8182/iiif/2/DIA-0054-0296/full/full/0/default.jpg,Travel,Kids Area (0.5787577),Boat (0.46153635),Wedding (0.40287048),Hot Tub (0.39492193),Garden (0.37203613),Spring (0.35898718),Summer (0.31865752),Fireplace (0.26660457),Autumn (0.22511737),Water Sports (0.20954354),Surroundings (0.20820728),Massage (0.19787522),Snow & Ski Sports (0.16695233),Yoga (0.15000711),Television (0.14718705),Reception (0.14077142),Beach (0.13625284),People (0.13265747),Golf Course (0.13235763),Terrace (0.13011858)
http://ec2-18-191-252-182.us-east-2.compute.amazonaws.com:8182/iiif/2/DIA-0066-0010/full/full/0/default.jpg,Travel,People (0.7258972),Entrance (0.50121164),Building (0.3335289),Daytime (0.32059065),Wedding (0.29910177),Sports & Activities (0.2990242),Kids Area (0.26082912),Nighttime (0.2517434),Animals (0.23606996),Gift Shop (0.21580891),Television (0.19970416),Casino (0.19669601),Reception (0.16272876),Fountain (0.13005087),Summer (0.12790005),Bar (0.122914664),Autumn (0.12255773),Food & Beverages (0.11599233),Bicycling (0.113378234),Snow & Ski Sports (0.11063526)
http://ec2-18-191-252-182.us-east-2.compute.amazonaws.com:8182/iiif/2/DIA-0075-0204/full/full/0/default.jpg,Travel,People (0.93543565),Animals (0.6228584),Daytime (0.530149),Snow & Ski Sports (0.52574176),Restaurant (0.36245337),Summer (0.29615274),Sports & Activities (0.28941876),Surroundings (0.25781107),Bicycling (0.23541123),Winter (0.22211723),Food & Beverages (0.18901083),Nighttime (0.18340339),Terrace (0.18041778),Fireplace (0.15874356),Entrance (0.13448001),Television (0.13123722),Kids Area (0.105451904),Wedding (0.10511406),Bar (0.105107464),Couch (0.08624126)
http://ec2-18-191-252-182.us-east-2.compute.amazonaws.com:8182/iiif/2/DIA-0078-0046/full/full/0/default.jpg,Travel,Boat (0.94908786),Water Sports (0.542793),People (0.5222956),Beach (0.5063603),Summer (0.46829408),Wedding (0.21051557),Daytime (0.19141546),Sports & Activities (0.16499273),Yoga (0.15102944),Surroundings (0.105671205),Fountain (0.10566234),Water Park (0.08443116),Spring (0.07645304),Snow & Ski Sports (0.07321521),Terrace (0.07213448),Bicycling (0.06740232),Hot Tub (0.0666157),Balcony (0.05603796),Television (0.053741995),Outdoor Pool (0.05270702)
http://ec2-18-191-252-182.us-east-2.compute.amazonaws.com:8182/iiif/2/DIA-0078-0084/full/full/0/default.jpg,Travel,Building (0.6401177),Summer (0.61356485),Winter (0.5219477),Wedding (0.50149816),Snow & Ski Sports (0.4971357),Entrance (0.4891966),Autumn (0.42963064),Spring (0.37961853),Fireplace (0.3384157),Daytime (0.32008335),Boat (0.31794125),Surroundings (0.30554152),Terrace (0.2605989),Yoga (0.25917011),View (0.2453589),Nighttime (0.22908646),Animals (0.22306335),People (0.21333534),Reception (0.20832402),Logo (0.16889025)
http://ec2-18-191-252-182.us-east-2.compute.amazonaws.com:8182/iiif/2/DIA-0078-0352/full/full/0/default.jpg,Travel,Kids Area (0.78997797),Summer (0.749526),People (0.6210205),Sports & Activities (0.45878953),Water Sports (0.43959045),Beach (0.43748477),Snow & Ski Sports (0.3224914),Autumn (0.30505493),Terrace (0.20070052),Daytime (0.16231947),Boat (0.14574029),Surroundings (0.13529886),Yoga (0.112964764),Bicycling (0.111162245),Hot Tub (0.09684904),Wellness & Spa (0.092217356),Spring (0.08254168),Wedding (0.07597198),View (0.06890125),Sauna (0.06741775)
http://ec2-18-191-252-182.us-east-2.compute.amazonaws.com:8182/iiif/2/DIA-0078-0783/full/full/0/default.jpg,Travel,Autumn (0.75376207),Gift Shop (0.62955815),Kids Area (0.54600644),Food & Beverages (0.39607236),Sports & Activities (0.2624974),Summer (0.21001884),Communal Areas (0.15182444),Reception (0.14498311),Terrace (0.14044988),Entrance (0.13777545),Breakfast Buffet (0.12131591),View (0.113376126),Restaurant (0.100480534),Wedding (0.08586247),Surroundings (0.0857617),Stairs (0.085490115),Garden (0.079658456),Animals (0.07853321),Balcony (0.07189936),Daytime (0.06711781)
http://ec2-18-191-252-182.us-east-2.compute.amazonaws.com:8182/iiif/2/DIA-0078-0785/full/full/0/default.jpg,Travel,Gift Shop (0.5788056),Terrace (0.5098832),Surroundings (0.33915934),Water Park (0.33241057),Bar (0.3275134),Communal Areas (0.30561274),Summer (0.30390468),Food & Beverages (0.28640532),Daytime (0.2437179),Restaurant (0.19365115),Casino (0.17644486),Building (0.17577021),Garden (0.16937286),Autumn (0.16598165),Animals (0.16396883),Snow & Ski Sports (0.15371431),Entrance (0.14649232),Lounge (0.13037631),People (0.122055374),Nighttime (0.10992817)
http://ec2-18-191-252-182.us-east-2.compute.amazonaws.com:8182/iiif/2/DIA-0079-0001/full/full/0/default.jpg,Travel,Boat (0.8685145),Fireplace (0.4841631),Surroundings (0.4825001),Entrance (0.45951545),Terrace (0.38217637),Summer (0.35384405),Animals (0.29776025),People (0.2950884),Autumn (0.28575718),Daytime (0.26577196),Winter (0.2626988),Restaurant (0.25119698),Television (0.2118858),Snow & Ski Sports (0.2082888),Kids Area (0.19770448),Communal Areas (0.15414141),Bar (0.14901188),View (0.13684677),Building (0.1357368),Garden (0.126271)
http://ec2-18-191-252-182.us-east-2.compute.amazonaws.com:8182/iiif/2/DIA-60-00055/full/full/0/default.jpg,Travel,Kids Area (0.86483884),People (0.8627349),Summer (0.7806806),Daytime (0.5520082),Autumn (0.49580535),Sports & Activities (0.4912665),Surroundings (0.48324263),Entrance (0.35713115),Spring (0.31231865),Terrace (0.27494884),Building (0.21222433),Snow & Ski Sports (0.20805281),Animals (0.18318486),View (0.1626537),Bicycling (0.14883484),Food & Beverages (0.12681895),Restaurant (0.11902241),Television (0.09086183),Balcony (0.07719696),Water Sports (0.07222701)
http://ec2-18-191-252-182.us-east-2.compute.amazonaws.com:8182/iiif/2/DIA-60-00057/full/full/0/default.jpg,Travel,Snow & Ski Sports (0.9764533),Winter (0.9079763),People (0.42405215),Summer (0.36642623),Spring (0.21782795),Sports & Activities (0.16968423),Bicycling (0.14626537),Daytime (0.123536),Surroundings (0.12194769),Fireplace (0.10965644),Terrace (0.089221664),View (0.08691857),Television (0.071445495),Hot Tub (0.06415369),Building (0.061880823),Entrance (0.05778181),Details (0.049975444),Autumn (0.04510415),Yoga (0.045054156),Golf Course (0.04359241)
http://ec2-18-191-252-182.us-east-2.compute.amazonaws.com:8182/iiif/2/DIA-60-00059/full/full/0/default.jpg,Travel,Snow & Ski Sports (0.9399316),People (0.7048273),Sports & Activities (0.59090763),Winter (0.4828132),Daytime (0.35701054),Bicycling (0.34909818),Animals (0.24256127),Fireplace (0.23375249),Kids Area (0.1883984),Golf Course (0.17809573),Entrance (0.16984564),Surroundings (0.15427409),Spring (0.14425813),Television (0.13939239),Restaurant (0.13916971),Summer (0.11845575),Wedding (0.08837517),Autumn (0.085907534),Hot Tub (0.08328118),Details (0.07324202)
http://ec2-18-191-252-182.us-east-2.compute.amazonaws.com:8182/iiif/2/DIA-60-00061/full/full/0/default.jpg,Travel,Winter (0.97371465),Snow & Ski Sports (0.8474517),Summer (0.57473606),View (0.43948662),Terrace (0.40159592),Building (0.31498823),Hot Tub (0.2741043),Surroundings (0.23142624),Fireplace (0.14046694),Kids Area (0.13037774),Spring (0.1118848),Garden (0.10921568),Entrance (0.094335616),People (0.082412384),Daytime (0.07924814),Boat (0.07619215),Television (0.061512426),Autumn (0.061347354),Nighttime (0.055618923),Communal Areas (0.049992573)
http://ec2-18-191-252-182.us-east-2.compute.amazonaws.com:8182/iiif/2/DIA-60-00091/full/full/0/default.jpg,Travel,Boat (0.97874683),Balcony (0.73337233),Water Sports (0.49686643),People (0.491059),Daytime (0.4640984),Summer (0.45174128),Terrace (0.4322344),Water Park (0.40334648),Snow & Ski Sports (0.3398893),Sports & Activities (0.2588713),Hot Tub (0.1191513),View (0.07474453),Chair (0.07267902),Building (0.0685794),Television (0.06273397),Bicycling (0.04822183),Entrance (0.046020374),Casino (0.045175623),Gym (0.041955058),Surroundings (0.033985324)
http://ec2-18-191-252-182.us-east-2.compute.amazonaws.com:8182/iiif/2/DIA-60-00107/full/full/0/default.jpg,Travel,Beach (0.96015906),Water Sports (0.8369426),Summer (0.58583426),Water Park (0.2841773),People (0.23404905),Yoga (0.21760833),Kids Area (0.19238594),Sports & Activities (0.18912303),Surroundings (0.08971289),Spring (0.08777362),Daytime (0.07682402),Boat (0.07494247),Terrace (0.072034255),Food & Beverages (0.069534756),Snow & Ski Sports (0.06076465),Bicycling (0.052490953),Chair (0.04424314),Hot Tub (0.04076778),Restaurant (0.030457927),Autumn (0.03040112)
http://ec2-18-191-252-182.us-east-2.compute.amazonaws.com:8182/iiif/2/DIA-60-00116/full/full/0/default.jpg,Travel,Daytime (0.84984213),People (0.7688154),Summer (0.625626),Sports & Activities (0.57442325),Autumn (0.48569232),Surroundings (0.4788647),Spring (0.4665507),Bicycling (0.4184729),Snow & Ski Sports (0.36743844),Television (0.34600157),Boat (0.27477643),Nighttime (0.26043823),Animals (0.21633965),Terrace (0.16603929),Wardrobe (0.16231887),Details (0.15141615),Building (0.14652288),Restaurant (0.13730004),Entrance (0.13305344),Tennis Court (0.1330086)
http://ec2-18-191-252-182.us-east-2.compute.amazonaws.com:8182/iiif/2/DIA-60-00129/full/full/0/default.jpg,Travel,Beach (0.8685867),People (0.52673316),Summer (0.49853292),Yoga (0.49322104),Water Sports (0.26789263),Kids Area (0.2667699),Water Park (0.14197251),Sports & Activities (0.11872219),Casino (0.06739297),Boat (0.045399006),Daytime (0.043993928),Surroundings (0.043000434),Bicycling (0.041105904),Game Room (0.038314946),Chair (0.034989297),Hot Tub (0.03477721),Massage (0.03392005),Billiards (0.023035755),Couch (0.019364912),Spring (0.017564684)
http://ec2-18-191-252-182.us-east-2.compute.amazonaws.com:8182/iiif/2/DIA-60-00130/full/full/0/default.jpg,Travel,Beach (0.90713733),Yoga (0.71533597),Summer (0.45119405),Massage (0.43525904),Water Sports (0.310743),Kids Area (0.2305844),Wellness & Spa (0.17217314),Water Park (0.14993979),Sports & Activities (0.12643766),People (0.092103355),Hot Tub (0.043876555),Autumn (0.02148047),Chair (0.020923292),Spring (0.01988602),Bicycling (0.016419481),Game Room (0.016185118),Daytime (0.014519685),Food & Beverages (0.0132955825),Casino (0.01284056),Billiards (0.011995037)
http://ec2-18-191-252-182.us-east-2.compute.amazonaws.com:8182/iiif/2/DIA-60-00141/full/full/0/default.jpg,Travel,Entrance (0.5996503),Summer (0.5544212),Spring (0.53908265),Winter (0.5337324),Garden (0.42890802),Surroundings (0.42533913),Autumn (0.35142958),Golf Course (0.28925696),Building (0.27750844),Snow & Ski Sports (0.27508095),Nighttime (0.23285294),Television (0.22696637),Restaurant (0.22390155),Fireplace (0.22094798),Sports & Activities (0.21094857),People (0.20574099),Daytime (0.19834198),Fountain (0.19724987),Reception (0.19103318),Stairs (0.1723082)
http://ec2-18-191-252-182.us-east-2.compute.amazonaws.com:8182/iiif/2/DIA-60-00153/full/full/0/default.jpg,Travel,Summer (0.82633764),People (0.74115676),Daytime (0.65676683),Boat (0.6083965),Entrance (0.5421575),Spring (0.4456811),Television (0.33399948),Wedding (0.31784675),Surroundings (0.2960369),Water Sports (0.28475708),Animals (0.25620845),Garden (0.24944714),Details (0.21929185),Autumn (0.20674494),Sports & Activities (0.19366603),Bicycling (0.18503895),Fountain (0.17467588),Water Park (0.16433099),Fireplace (0.15860748),Golf Course (0.1444345)
http://ec2-18-191-252-182.us-east-2.compute.amazonaws.com:8182/iiif/2/DIA-60-00209/full/full/0/default.jpg,Travel,Snow & Ski Sports (0.990776),Winter (0.8017995),People (0.5081323),Sports & Activities (0.38481057),Water Sports (0.17673855),Television (0.16411705),Summer (0.12274544),Daytime (0.11626068),Spring (0.11131024),Hot Tub (0.10209673),Autumn (0.07279451),Fireplace (0.07100408),Kids Area (0.0700234),Wedding (0.06324886),Bicycling (0.060078293),Chair (0.04995068),Nighttime (0.04230752),Animals (0.036928073),Beach (0.035959173),Yoga (0.03119405)
http://ec2-18-191-252-182.us-east-2.compute.amazonaws.com:8182/iiif/2/DIA-60-00245/full/full/0/default.jpg,Travel,Daytime (0.7744355),Autumn (0.5373309),Surroundings (0.52308136),Details (0.5134048),People (0.42320704),Snow & Ski Sports (0.4197963),Boat (0.39678845),Summer (0.35902506),Building (0.3482609),Spring (0.2673772),Sports & Activities (0.25112125),View (0.23546325),Nighttime (0.23492692),Television (0.2184395),Fountain (0.18425937),Winter (0.16452615),Balcony (0.14865261),Entrance (0.14652301),Wedding (0.12313754),Casino (0.1148143)
http://ec2-18-191-252-182.us-east-2.compute.amazonaws.com:8182/iiif/2/DIA-70-00086/full/full/0/default.jpg,Travel,Summer (0.8691216),Spring (0.49657336),Golf Course (0.41696954),Kids Area (0.39364704),Sports & Activities (0.37236333),Snow & Ski Sports (0.29153192),Surroundings (0.2693826),People (0.22803384),Animals (0.17097391),Daytime (0.14395396),Autumn (0.13240235),Yoga (0.122956894),Bicycling (0.10590364),Garden (0.07771501),View (0.06273867),Television (0.056457914),Terrace (0.054143216),Entrance (0.052899126),Water Sports (0.04585173),Fireplace (0.045445852)
http://ec2-18-191-252-182.us-east-2.compute.amazonaws.com:8182/iiif/2/DIA-70-00088/full/full/0/default.jpg,Travel,People (0.88352334),Yoga (0.70205027),Summer (0.5830335),Bicycling (0.4556722),Daytime (0.4415446),Sports & Activities (0.413872),Terrace (0.37082464),Water Sports (0.35086542),Kids Area (0.35005555),Garden (0.3450709),Boat (0.31606245),Restaurant (0.24183534),Animals (0.23904267),Food & Beverages (0.2127153),Beach (0.1818788),Spring (0.176167),Bar (0.17229748),Communal Areas (0.15654667),Entrance (0.14793101),Surroundings (0.14318348)
http://ec2-18-191-252-182.us-east-2.compute.amazonaws.com:8182/iiif/2/DIA-70-00089/full/full/0/default.jpg,Travel,Summer (0.66567284),Terrace (0.62610793),Garden (0.60288304),Beach (0.54480857),Communal Areas (0.50608945),Kids Area (0.34234884),Outdoor Pool (0.26363292),Sports & Activities (0.20134355),Water Park (0.13069826),Boat (0.08077424),Surroundings (0.07423524),Bar (0.071115494),Food & Beverages (0.0673843),Yoga (0.0623033),Water Sports (0.05916129),Wellness & Spa (0.047849406),Lounge (0.031318028),Building (0.030293057),Wedding (0.028047327),View (0.02736291)
http://ec2-18-191-252-182.us-east-2.compute.amazonaws.com:8182/iiif/2/DIA-70-00152/full/full/0/default.jpg,Travel,Snow & Ski Sports (0.95798707),Winter (0.76654565),Summer (0.6645673),View (0.38534594),People (0.30471256),Spring (0.27942678),Terrace (0.25755474),Yoga (0.25250837),Sports & Activities (0.21431662),Daytime (0.21028557),Autumn (0.19316517),Balcony (0.15658405),Television (0.1354469),Nighttime (0.10555399),Bicycling (0.10286368),Hot Tub (0.09528402),Details (0.08122877),Surroundings (0.07473245),Sauna (0.054544605),Entrance (0.04975734)
http://ec2-18-191-252-182.us-east-2.compute.amazonaws.com:8182/iiif/2/DIA-70-00174/full/full/0/default.jpg,Travel,Entrance (0.5970315),Summer (0.45981655),Animals (0.3940561),Building (0.3301965),People (0.26365137),Spring (0.2620134),Autumn (0.25229675),Surroundings (0.2099397),Kids Area (0.20339327),Terrace (0.18153843),Garden (0.17052375),Water Sports (0.13792868),Bicycling (0.13353147),Food & Beverages (0.13182083),Logo (0.119767174),Daytime (0.11316815),Boat (0.1118535),Reception (0.111344725),Yoga (0.10472357),Hot Tub (0.10024286)
http://ec2-18-191-252-182.us-east-2.compute.amazonaws.com:8182/iiif/2/DIA-70-00177/full/full/0/default.jpg,Travel,Wedding (0.6947112),Gift Shop (0.5433671),Nighttime (0.47592875),Sauna (0.36693597),Entrance (0.2976688),Wellness & Spa (0.28504047),Bathroom Shower (0.22537316),People (0.19011927),Reception (0.17697364),Sports & Activities (0.17446317),Bar (0.13913015),Daytime (0.13866949),Terrace (0.13448323),Restaurant (0.11696753),Television (0.10984767),Casino (0.105256155),Details (0.096139416),Balcony (0.095303476),Fountain (0.090779856),Ballroom (0.08828948)
http://ec2-18-191-252-182.us-east-2.compute.amazonaws.com:8182/iiif/2/DIA-70-00338/full/full/0/default.jpg,Travel,Building (0.9488296),Entrance (0.75255656),Summer (0.62094665),Balcony (0.4467528),Details (0.43313068),Garden (0.37714368),Daytime (0.3371571),Terrace (0.24510735),View (0.23013861),Surroundings (0.22850221),Television (0.22353154),People (0.18658139),Spring (0.15649866),Logo (0.15482311),Fountain (0.1498402),Boat (0.14631218),Winter (0.13732079),Nighttime (0.13570729),Autumn (0.10203546),In-Room Kitchenette (0.08494047)
http://ec2-18-191-252-182.us-east-2.compute.amazonaws.com:8182/iiif/2/DIA-70-00356/full/full/0/default.jpg,Travel,People (0.73172283),Kids Area (0.69778615),Summer (0.61198246),Spring (0.48524225),Bicycling (0.33769426),Water Sports (0.31396013),Animals (0.21613055),Entrance (0.19757064),Daytime (0.17711347),Yoga (0.16132781),Sports & Activities (0.15625939),Surroundings (0.14528519),Autumn (0.121005155),Building (0.11895765),Garden (0.09913791),Wedding (0.097899996),Terrace (0.0947849),Television (0.09191373),Reception (0.085561946),Boat (0.07828949)
http://ec2-18-191-252-182.us-east-2.compute.amazonaws.com:8182/iiif/2/DIA-70-00502/full/full/0/default.jpg,Travel,Winter (0.95608974),Snow & Ski Sports (0.8835452),Kids Area (0.6883244),Animals (0.51295644),Surroundings (0.4422897),Summer (0.441165),Spring (0.35482344),Fireplace (0.2750466),Entrance (0.20122024),Autumn (0.19779176),Restaurant (0.15506409),Terrace (0.15163605),People (0.14020908),View (0.10848947),Food & Beverages (0.105768606),Building (0.09660758),Sports & Activities (0.084510185),Garden (0.07880339),Reception (0.061188553),Golf Course (0.054754388)
http://ec2-18-191-252-182.us-east-2.compute.amazonaws.com:8182/iiif/2/DIA-70-00507/full/full/0/default.jpg,Travel,Entrance (0.9482064),Building (0.59827423),Restaurant (0.53359526),Reception (0.49238062),Summer (0.4882566),Gift Shop (0.4588917),Surroundings (0.43894723),Winter (0.33951458),Fountain (0.24427056),Terrace (0.22905865),Food & Beverages (0.21255791),Autumn (0.1961718),Bar (0.17396452),Animals (0.15634279),Nighttime (0.1274403),Daytime (0.1175424),Wedding (0.11002614),Spring (0.101601414),Ballroom (0.07783113),View (0.075534545)
http://ec2-18-191-252-182.us-east-2.compute.amazonaws.com:8182/iiif/2/DIA-70-00671/full/full/0/default.jpg,Travel,Gift Shop (0.96503353),Entrance (0.36475265),Sports & Activities (0.32930833),Daytime (0.2909184),Bicycling (0.2613036),People (0.23991437),Surroundings (0.21004128),Communal Areas (0.13618177),Summer (0.13260509),Balcony (0.13144977),Kids Area (0.11899143),Fountain (0.11739981),Game Room (0.11432133),Autumn (0.09928676),Stairs (0.0942868),Animals (0.09169894),Snow & Ski Sports (0.0890497),Building (0.076991834),Food & Beverages (0.07162176),Reception (0.06863856)
http://ec2-18-191-252-182.us-east-2.compute.amazonaws.com:8182/iiif/2/DIA-80-00048/full/full/0/default.jpg,Travel,Entrance (0.7499074),People (0.57631844),Daytime (0.5750619),Terrace (0.48525438),Summer (0.39282888),Surroundings (0.32763883),Kids Area (0.29565105),Sports & Activities (0.29275635),Stairs (0.28403574),Restaurant (0.23673387),Garden (0.12764838),Building (0.11789666),Communal Areas (0.11469065),Golf Course (0.10752386),Details (0.10237841),Balcony (0.09634066),Food & Beverages (0.09464524),Wedding (0.08307166),View (0.07284581),Animals (0.07062014)
http://ec2-18-191-252-182.us-east-2.compute.amazonaws.com:8182/iiif/2/DIA-80-00064/full/full/0/default.jpg,Travel,Summer (0.94568074),Spring (0.6966532),Yoga (0.6341697),Autumn (0.5063607),Kids Area (0.46160096),Surroundings (0.38449),Garden (0.2900869),Golf Course (0.23473184),Terrace (0.22947584),View (0.20887378),Snow & Ski Sports (0.19733615),Winter (0.13576353),Sauna (0.11145384),Fireplace (0.10890155),Entrance (0.10263535),Animals (0.097296685),Stairs (0.07354366),Water Sports (0.06678776),People (0.0489905),Food & Beverages (0.04122132)
http://ec2-18-191-252-182.us-east-2.compute.amazonaws.com:8182/iiif/2/DIA-80-00069/full/full/0/default.jpg,Travel,Boat (0.5940795),Summer (0.45961097),Spring (0.4105277),Fireplace (0.40967637),Surroundings (0.35197356),Autumn (0.34973222),Television (0.30547172),Daytime (0.29528025),Entrance (0.2714826),People (0.24865703),Hot Tub (0.23880026),Sports & Activities (0.18513285),Kids Area (0.18444897),Golf Course (0.17767748),Water Sports (0.16139366),Wedding (0.15795411),Animals (0.14540817),Garden (0.14003038),Bicycling (0.1309062),Reception (0.13022165)
http://ec2-18-191-252-182.us-east-2.compute.amazonaws.com:8182/iiif/2/DIA-80-00096/full/full/0/default.jpg,Travel,Summer (0.624483),Terrace (0.49030462),Wedding (0.46189606),Garden (0.40346295),Building (0.2865733),Casino (0.26863408),Nighttime (0.25921106),View (0.2567181),Daytime (0.24064519),Balcony (0.22164406),Animals (0.20615329),Boat (0.20040728),People (0.19740732),Food & Beverages (0.18295202),Entrance (0.18283506),Surroundings (0.15919186),Ballroom (0.15516376),Bar (0.14912198),Lounge (0.13798077),Gift Shop (0.13677402)
http://ec2-18-191-252-182.us-east-2.compute.amazonaws.com:8182/iiif/2/DIA-80-00249/full/full/0/default.jpg,Travel,Summer (0.81225806),People (0.53836024),Spring (0.41876313),Terrace (0.4172677),Water Sports (0.39872536),Kids Area (0.38263258),View (0.38014218),Beach (0.36143354),Golf Course (0.34172878),Sports & Activities (0.30579606),Balcony (0.2622805),Boat (0.25974235),Surroundings (0.25254408),Daytime (0.24751669),Bicycling (0.18126176),Snow & Ski Sports (0.18019131),Yoga (0.15335473),Entrance (0.12102809),Autumn (0.11255883),Animals (0.11222828)
http://ec2-18-191-252-182.us-east-2.compute.amazonaws.com:8182/iiif/2/DIA-90-00009/full/full/0/default.jpg,Travel,Summer (0.82760036),Surroundings (0.7489057),Autumn (0.6182408),Spring (0.51175064),View (0.44265977),Daytime (0.44260433),Snow & Ski Sports (0.41060486),Boat (0.2897547),Water Sports (0.2788353),Television (0.18340483),Winter (0.1813242),People (0.18037818),Beach (0.17644605),Golf Course (0.14211497),Fireplace (0.11345175),Sports & Activities (0.10569473),Hot Tub (0.0918497),Building (0.07546174),Nighttime (0.06946531),Entrance (0.06259773)
http://ec2-18-191-252-182.us-east-2.compute.amazonaws.com:8182/iiif/2/FO-20-00080/full/full/0/default.jpg,Travel,Wedding (0.86366546),People (0.83861274),Animals (0.73858947),Snow & Ski Sports (0.47062725),Daytime (0.33897907),Fountain (0.3276387),Ballroom (0.18398748),Television (0.15545617),Fireplace (0.14265022),Spring (0.1397154),Tennis Court (0.12074042),Boat (0.10528638),Summer (0.096078075),Winter (0.083126195),Restaurant (0.07726474),Autumn (0.0737492),Entrance (0.06874329),Bicycling (0.063889936),Nighttime (0.05890147),Kids Area (0.05884404)
http://ec2-18-191-252-182.us-east-2.compute.amazonaws.com:8182/iiif/2/FO-20-00092/full/full/0/default.jpg,Travel,Animals (0.9437272),Daytime (0.6192266),Fountain (0.43570477),Wedding (0.37013596),Tennis Court (0.33438158),Sports & Activities (0.2819526),Autumn (0.27824268),People (0.2694706),Summer (0.23776667),Snow & Ski Sports (0.21184008),Spring (0.19643252),Entrance (0.19281657),Ballroom (0.1651724),Nighttime (0.16001368),Surroundings (0.14163148),Yoga (0.13052788),Kids Area (0.11686392),Fireplace (0.1138043),Television (0.10669443),Stairs (0.086087994)
http://ec2-18-191-252-182.us-east-2.compute.amazonaws.com:8182/iiif/2/FO-20-00108/full/full/0/default.jpg,Travel,Tennis Court (0.7658116),People (0.65131664),Summer (0.45454228),Beach (0.3684736),Water Sports (0.36007425),Sports & Activities (0.3554367),Snow & Ski Sports (0.35044608),Boat (0.32876608),Daytime (0.2711739),Animals (0.26176506),Wedding (0.21152991),Ballroom (0.19854116),Fountain (0.18920517),Spring (0.18132564),Casino (0.1356533),Yoga (0.11812539),Autumn (0.11709774),Kids Area (0.10103333),Television (0.0913713),Fireplace (0.0851603)
http://ec2-18-191-252-182.us-east-2.compute.amazonaws.com:8182/iiif/2/FO-20-00298/full/full/0/default.jpg,Travel,Animals (0.60173965),People (0.43231264),Wellness & Spa (0.4264567),Sauna (0.32274035),Television (0.26222396),Massage (0.22696966),Kids Area (0.17882955),Couch (0.17748833),Balcony (0.17396423),Fountain (0.16776283),Boat (0.15284714),Tennis Court (0.15028934),Building (0.14820446),Casino (0.11832529),Wardrobe (0.103662856),Fireplace (0.101913214),Sports & Activities (0.101270124),Garden (0.09847336),Daytime (0.08729483),Terrace (0.07932526)
http://ec2-18-191-252-182.us-east-2.compute.amazonaws.com:8182/iiif/2/FO-20-00299_a3/full/full/0/default.jpg,Travel,Water Sports (0.82831186),Boat (0.69082534),Summer (0.42643103),Tennis Court (0.42608717),People (0.41856214),Sports & Activities (0.39196312),Snow & Ski Sports (0.28047892),Beach (0.24255574),Daytime (0.23338641),Fountain (0.22750643),Golf Course (0.22153905),Casino (0.18011014),Yoga (0.15080917),Animals (0.13835244),Spring (0.10667074),Wedding (0.08885966),Television (0.07358305),Autumn (0.059022073),Ballroom (0.045180395),Kids Area (0.038389158)
http://ec2-18-191-252-182.us-east-2.compute.amazonaws.com:8182/iiif/2/FO-20-00301/full/full/0/default.jpg,Travel,People (0.693585),Wedding (0.4291995),Terrace (0.4253945),Summer (0.39011273),Garden (0.37749168),Food & Beverages (0.2598655),Chair (0.23888186),Restaurant (0.22525756),Sports & Activities (0.22243506),Daytime (0.19944423),Wellness & Spa (0.19379205),Massage (0.1545541),Balcony (0.14503172),Sauna (0.14402176),Communal Areas (0.14217415),Surroundings (0.1378739),Building (0.1369646),Autumn (0.13080792),Couch (0.11092146),Kids Area (0.1097289)
http://ec2-18-191-252-182.us-east-2.compute.amazonaws.com:8182/iiif/2/FO-20-00303_a3/full/full/0/default.jpg,Travel,Bicycling (0.8118826),Yoga (0.56678456),Tennis Court (0.5024379),Television (0.49276507),Daytime (0.42468163),Casino (0.32215866),People (0.31117746),Ballroom (0.2444743),Nighttime (0.23816271),Snow & Ski Sports (0.2351487),Hot Tub (0.16977398),Water Sports (0.09268068),Gym (0.092010476),Animals (0.087300986),Fountain (0.08555424),Wedding (0.08492359),Wardrobe (0.084400386),Sports & Activities (0.0828854),Couch (0.07457103),Details (0.070025414)
http://ec2-18-191-252-182.us-east-2.compute.amazonaws.com:8182/iiif/2/FO-20-00307/full/full/0/default.jpg,Travel,People (0.8403747),Wedding (0.81566375),Summer (0.5645686),Daytime (0.47779316),Autumn (0.43372205),Sports & Activities (0.33436373),Spring (0.23642732),Garden (0.22046967),Bicycling (0.21928433),Boat (0.16610597),Restaurant (0.16560964),Animals (0.1635528),Details (0.12956911),Entrance (0.11649581),Surroundings (0.09983241),Food & Beverages (0.089420736),Terrace (0.08872523),In-Room Kitchenette (0.085998155),Building (0.074737124),Television (0.072609834)
http://ec2-18-191-252-182.us-east-2.compute.amazonaws.com:8182/iiif/2/FO-20-00309/full/full/0/default.jpg,Travel,Wedding (0.6613478),People (0.6494988),Sports & Activities (0.5623236),Beach (0.5252765),Summer (0.51174617),Daytime (0.33799294),Spring (0.3172487),Water Sports (0.31632102),Chair (0.22508836),Animals (0.22222948),Golf Course (0.20851526),Tennis Court (0.20506763),Snow & Ski Sports (0.14858335),Garden (0.12627545),Autumn (0.12504295),Casino (0.08018745),Surroundings (0.076231815),Yoga (0.07599437),Ballroom (0.07102362),Boat (0.06701807)
http://ec2-18-191-252-182.us-east-2.compute.amazonaws.com:8182/iiif/2/FO-20-00344/full/full/0/default.jpg,Travel,People (0.7592954),Wedding (0.7140747),Sports & Activities (0.41853407),Boat (0.32531258),Summer (0.24007018),Chair (0.19098881),Snow & Ski Sports (0.18009019),Daytime (0.17195961),Spring (0.15154359),Garden (0.12167),Ballroom (0.120584965),Sauna (0.11751992),Water Sports (0.11316271),Wellness & Spa (0.100916944),Restaurant (0.09042117),Terrace (0.08590723),Animals (0.08192996),Food & Beverages (0.07507034),Tennis Court (0.07376697),Fireplace (0.06371251)
http://ec2-18-191-252-182.us-east-2.compute.amazonaws.com:8182/iiif/2/FO-20-00346/full/full/0/default.jpg,Travel,People (0.72651666),Wedding (0.63412654),Boat (0.45794645),Beach (0.44573632),Tennis Court (0.29261103),Daytime (0.27409655),Sports & Activities (0.26114243),Summer (0.25201428),Snow & Ski Sports (0.2469822),Ballroom (0.21863216),Water Sports (0.16982055),Fountain (0.12256948),Animals (0.10671425),Spring (0.10418239),Surroundings (0.09148745),Casino (0.08437999),Yoga (0.07882872),Bicycling (0.066330284),Golf Course (0.062342156),Television (0.05595196)
http://ec2-18-191-252-182.us-east-2.compute.amazonaws.com:8182/iiif/2/FO-30-00130_a3/full/full/0/default.jpg,Travel,Yoga (0.9123173),Water Sports (0.7846577),Beach (0.4327326),Summer (0.35169825),Boat (0.33980775),Hot Tub (0.29813063),People (0.18572433),Wellness & Spa (0.17289191),Fountain (0.09962264),Tennis Court (0.09190906),Bicycling (0.088829845),Outdoor Pool (0.080001175),Indoor Swimming Pool (0.070877194),Water Park (0.06837569),Sports & Activities (0.056184955),Casino (0.053149924),Massage (0.04768869),Snow & Ski Sports (0.038543373),Daytime (0.037785202),Sauna (0.03533804)
http://ec2-18-191-252-182.us-east-2.compute.amazonaws.com:8182/iiif/2/FO-30-00131/full/full/0/default.jpg,Travel,Yoga (0.6004082),Water Sports (0.5700172),Tennis Court (0.47514042),People (0.3609665),Beach (0.31273466),Daytime (0.26927146),Ballroom (0.2513806),Summer (0.23731154),Fountain (0.23481147),Spring (0.17332835),Bicycling (0.1702749),Wedding (0.1552973),Sports & Activities (0.14454584),Autumn (0.117113896),Boat (0.11021561),Casino (0.09495124),Snow & Ski Sports (0.08367138),Animals (0.0646955),Television (0.06028239),Water Park (0.05145521)
http://ec2-18-191-252-182.us-east-2.compute.amazonaws.com:8182/iiif/2/FO-30-00136/full/full/0/default.jpg,Travel,Tennis Court (0.5738719),Kids Area (0.46966827),Yoga (0.29634872),Animals (0.27051467),People (0.26100302),Fountain (0.21115766),Wellness & Spa (0.20240432),Wedding (0.175029),Sports & Activities (0.15917966),Balcony (0.15039884),Summer (0.1420597),Water Sports (0.12956437),Daytime (0.12242946),Massage (0.10620188),Bicycling (0.082052365),Ballroom (0.081610344),Garden (0.0803317),Sauna (0.07376137),Water Park (0.07145217),Casino (0.06902261)
http://ec2-18-191-252-182.us-east-2.compute.amazonaws.com:8182/iiif/2/FO-30-00144/full/full/0/default.jpg,Travel,Beach (0.7842),Water Sports (0.46377745),Snow & Ski Sports (0.43635753),Summer (0.35873127),People (0.35527602),Boat (0.31212142),Yoga (0.23128699),Spring (0.19784495),Tennis Court (0.15688567),Sports & Activities (0.120792136),Daytime (0.10862557),Wedding (0.0990129),Surroundings (0.07990291),Kids Area (0.06720112),Autumn (0.057066187),Television (0.05367395),Fireplace (0.052831892),Casino (0.051372167),Bicycling (0.05038563),Hot Tub (0.03598281)
http://ec2-18-191-252-182.us-east-2.compute.amazonaws.com:8182/iiif/2/FO-30-00164/full/full/0/default.jpg,Travel,People (0.57076895),Yoga (0.5485066),Balcony (0.47229064),Tennis Court (0.45421156),Daytime (0.40740296),Bicycling (0.31791195),Sports & Activities (0.2648556),Wardrobe (0.21770583),Snow & Ski Sports (0.20086814),Sauna (0.17966329),Wellness & Spa (0.12817383),Summer (0.10439653),Animals (0.09980029),Hallway (0.09114025),Television (0.077602535),Terrace (0.06307243),Details (0.06259581),Nighttime (0.06000217),Bathroom Shower (0.059353583),Casino (0.05849226)
http://ec2-18-191-252-182.us-east-2.compute.amazonaws.com:8182/iiif/2/FO-30-00197/full/full/0/default.jpg,Travel,People (0.72754836),Casino (0.6195299),Wedding (0.60567564),Animals (0.5772595),Daytime (0.3597625),Ballroom (0.34732452),Snow & Ski Sports (0.2970933),Entrance (0.2652829),Tennis Court (0.25688192),Nighttime (0.23085034),Sports & Activities (0.19248419),Fountain (0.17468597),Details (0.14518905),Kids Area (0.12551494),Television (0.118965596),Summer (0.1151958),Autumn (0.11519075),Water Sports (0.10985781),Spring (0.09518727),Boat (0.090838335)
http://ec2-18-191-252-182.us-east-2.compute.amazonaws.com:8182/iiif/2/FO-30-00203/full/full/0/default.jpg,Travel,People (0.88259035),Daytime (0.83054835),Surroundings (0.6062849),Wedding (0.5118757),Fountain (0.40253443),Nighttime (0.32287362),Autumn (0.311306),Sports & Activities (0.26394436),Balcony (0.22532839),View (0.21621582),Television (0.21560962),Summer (0.21548656),Restaurant (0.17828727),Snow & Ski Sports (0.15156993),Animals (0.14737935),Details (0.12535042),Spring (0.10657186),Entrance (0.092446655),Building (0.0884598),Casino (0.08296526)
http://ec2-18-191-252-182.us-east-2.compute.amazonaws.com:8182/iiif/2/FO-30-00225/full/full/0/default.jpg,Travel,Kids Area (0.8245261),Summer (0.63161695),Beach (0.51768523),Spring (0.49602646),Snow & Ski Sports (0.48498505),People (0.42697558),Water Sports (0.41890502),Sports & Activities (0.3935099),Autumn (0.2520451),Yoga (0.18692553),Animals (0.18667953),Wedding (0.12960038),Daytime (0.115491174),Chair (0.106016956),Golf Course (0.10264846),Television (0.100775),Tennis Court (0.096077405),Fireplace (0.056175094),Surroundings (0.044097595),Hot Tub (0.03856239)
http://ec2-18-191-252-182.us-east-2.compute.amazonaws.com:8182/iiif/2/FO-30-00241/full/full/0/default.jpg,Travel,Wedding (0.8995882),Daytime (0.67526805),Fountain (0.59390426),People (0.5589386),Boat (0.34375247),Autumn (0.2866558),Animals (0.2667613),Television (0.24581935),Sports & Activities (0.24262321),Surroundings (0.18764216),Summer (0.16235402),Restaurant (0.15943235),Nighttime (0.13931155),Terrace (0.13757648),Snow & Ski Sports (0.12514755),View (0.12365589),Ballroom (0.1150846),Tennis Court (0.109540835),Garden (0.098878354),Fireplace (0.094911955)
http://ec2-18-191-252-182.us-east-2.compute.amazonaws.com:8182/iiif/2/FO-30-00304_a3/full/full/0/default.jpg,Travel,Water Sports (0.7552693),Beach (0.5552116),Summer (0.4586572),People (0.4556239),Wedding (0.38349625),Boat (0.29395273),Daytime (0.27959874),Snow & Ski Sports (0.27835876),Hot Tub (0.25183776),Water Park (0.18927951),Yoga (0.17279547),Casino (0.16932307),Spring (0.106366076),Fountain (0.10401853),Tennis Court (0.10180168),Television (0.10044042),Animals (0.09966783),Bicycling (0.080603205),Sports & Activities (0.064561084),Nighttime (0.056912545)
http://ec2-18-191-252-182.us-east-2.compute.amazonaws.com:8182/iiif/2/FO-30-00306/full/full/0/default.jpg,Travel,Kids Area (0.69853085),Beach (0.47389212),Wedding (0.3592781),People (0.31587315),Yoga (0.19996074),Wellness & Spa (0.16846962),Sports & Activities (0.16444834),Massage (0.13295591),Entrance (0.12564792),Summer (0.11440976),Sauna (0.11035289),Couch (0.09176439),Terrace (0.089242026),Chair (0.0883831),Building (0.07218035),Water Sports (0.06812215),Spring (0.067890115),Animals (0.066101424),Fireplace (0.06286864),Television (0.06019756)
http://ec2-18-191-252-182.us-east-2.compute.amazonaws.com:8182/iiif/2/FO-30-00311/full/full/0/default.jpg,Travel,People (0.8706525),Daytime (0.54570436),Kids Area (0.51317084),Animals (0.4333761),Fireplace (0.40926746),Television (0.4070623),Summer (0.36929616),Wedding (0.34248632),Snow & Ski Sports (0.26594567),Sports & Activities (0.20057626),Autumn (0.18427497),Boat (0.17464244),Couch (0.1618302),Spring (0.15797476),In-Room Kitchenette (0.15381548),Garden (0.15365355),Water Sports (0.14163844),Food & Beverages (0.112841494),Reception (0.11185101),Restaurant (0.107042685)
http://ec2-18-191-252-182.us-east-2.compute.amazonaws.com:8182/iiif/2/FO-30-00319_a3/full/full/0/default.jpg,Travel,Beach (0.9329286),Water Sports (0.7679268),Yoga (0.7382642),Wedding (0.39838076),Summer (0.38463733),Sports & Activities (0.22124475),People (0.19983639),Boat (0.1425277),Spring (0.13306308),Daytime (0.12661968),Tennis Court (0.1117694),Snow & Ski Sports (0.0805008),Autumn (0.06457853),Golf Course (0.053912327),Bicycling (0.041680366),Water Park (0.040806178),Fountain (0.03786239),Surroundings (0.029486038),Animals (0.021749912),Television (0.016171677)
http://ec2-18-191-252-182.us-east-2.compute.amazonaws.com:8182/iiif/2/FO-30-00325/full/full/0/default.jpg,Travel,Wedding (0.83307195),People (0.6251731),Chair (0.38373175),Sports & Activities (0.36815986),Beach (0.3344346),Summer (0.2808445),Ballroom (0.17833272),Wellness & Spa (0.16463183),Water Sports (0.14778249),Terrace (0.13972549),Garden (0.1275749),Massage (0.119452596),Daytime (0.11824043),Animals (0.09880908),Food & Beverages (0.07916983),Spring (0.077876665),Tennis Court (0.069445),Casino (0.054541644),Television (0.054471355),Autumn (0.052180987)
http://ec2-18-191-252-182.us-east-2.compute.amazonaws.com:8182/iiif/2/FO-30-00335/full/full/0/default.jpg,Travel,People (0.83031815),Wedding (0.61665606),Chair (0.30854353),Sports & Activities (0.28215805),Animals (0.18979855),Daytime (0.18875904),Yoga (0.15698542),Couch (0.15388015),Snow & Ski Sports (0.14730369),Television (0.13652255),Wellness & Spa (0.13126987),Summer (0.123582296),Water Sports (0.12312282),Massage (0.1185599),Wardrobe (0.11368213),Entrance (0.11253607),Bicycling (0.09206417),Kids Area (0.087062225),Restaurant (0.08656742),Golf Course (0.086336456)
http://ec2-18-191-252-182.us-east-2.compute.amazonaws.com:8182/iiif/2/FO-30-00341/full/full/0/default.jpg,Travel,Wedding (0.84079605),People (0.7480649),Boat (0.72599185),Snow & Ski Sports (0.47830954),Beach (0.45381388),Daytime (0.43363282),Yoga (0.38647538),Ballroom (0.36812574),Water Sports (0.31455463),Summer (0.29515377),Tennis Court (0.28561082),Animals (0.27120656),Spring (0.22104555),Sports & Activities (0.11165174),Fireplace (0.10744036),Hot Tub (0.10633464),Casino (0.10261757),Restaurant (0.09705498),Golf Course (0.094538875),Television (0.081782505)
http://ec2-18-191-252-182.us-east-2.compute.amazonaws.com:8182/iiif/2/FO-30-00342/full/full/0/default.jpg,Travel,People (0.77598554),Daytime (0.64973766),Beach (0.5005844),Animals (0.49247184),Water Sports (0.45359823),Sports & Activities (0.36378554),Summer (0.32151026),Wedding (0.28016055),Tennis Court (0.2585045),Spring (0.24579155),Autumn (0.21207917),Boat (0.188876),Snow & Ski Sports (0.15706234),Restaurant (0.14533216),Fountain (0.1404118),Surroundings (0.13097805),Yoga (0.12539795),Fireplace (0.116471715),Television (0.11255065),Building (0.101537496)
http://ec2-18-191-252-182.us-east-2.compute.amazonaws.com:8182/iiif/2/FO-30-00346/full/full/0/default.jpg,Travel,People (0.72771424),Beach (0.7138615),Wedding (0.50786763),Chair (0.44424632),Summer (0.4076682),Tennis Court (0.40611568),Sports & Activities (0.3431482),Spring (0.26453575),Terrace (0.2615493),Daytime (0.24528041),Wellness & Spa (0.24203289),Yoga (0.18781114),Massage (0.18146959),Garden (0.17851724),Boat (0.12202273),Water Sports (0.11758645),Autumn (0.11253491),Sauna (0.111618705),Snow & Ski Sports (0.1044843),Surroundings (0.09700077)
http://ec2-18-191-252-182.us-east-2.compute.amazonaws.com:8182/iiif/2/FO-30-00388/full/full/0/default.jpg,Travel,Boat (0.86231697),Fountain (0.81630456),People (0.5334016),Hot Tub (0.43847606),Wedding (0.4024388),Summer (0.2798482),Daytime (0.27929798),Casino (0.21719801),Television (0.16537943),Balcony (0.15223612),Autumn (0.14288293),Nighttime (0.11708099),Snow & Ski Sports (0.11153948),Tennis Court (0.10004351),Details (0.09497905),Animals (0.09464916),Spring (0.09147016),Fireplace (0.08602184),Ballroom (0.06850328),Couch (0.06626674)
http://ec2-18-191-252-182.us-east-2.compute.amazonaws.com:8182/iiif/2/FO-30-00454/full/full/0/default.jpg,Travel,People (0.75719434),Wedding (0.67937857),Beach (0.5710358),Snow & Ski Sports (0.327837),Sports & Activities (0.29326648),Spring (0.2811958),Summer (0.22173865),Television (0.19192739),Kids Area (0.189318),Water Sports (0.18930556),Daytime (0.18449564),Tennis Court (0.18234743),Animals (0.14945206),Boat (0.14212345),Autumn (0.14031833),Hot Tub (0.13674532),Fireplace (0.0986491),Couch (0.08995335),Massage (0.08076619),Winter (0.07895248)
http://ec2-18-191-252-182.us-east-2.compute.amazonaws.com:8182/iiif/2/FO-30-00516/full/full/0/default.jpg,Travel,Boat (0.82520205),Water Sports (0.7875636),People (0.66201556),Summer (0.65425944),Beach (0.6538234),Sports & Activities (0.3828212),Yoga (0.3185479),Daytime (0.2300371),Wedding (0.171042),Hot Tub (0.15875697),Spring (0.11314568),Fountain (0.107901126),Balcony (0.09368687),Kids Area (0.085213795),Outdoor Pool (0.075504035),Surroundings (0.06813629),Casino (0.067206025),Tennis Court (0.06616289),Chair (0.06606071),Golf Course (0.06556443)
http://ec2-18-191-252-182.us-east-2.compute.amazonaws.com:8182/iiif/2/FO-30-00523/full/full/0/default.jpg,Travel,People (0.8080536),Sports & Activities (0.6491606),Terrace (0.35172904),Summer (0.3339196),Boat (0.2969711),Tennis Court (0.29463282),Water Sports (0.27989012),Daytime (0.22156304),Wedding (0.20168394),Bicycling (0.20147851),Balcony (0.1610106),Animals (0.15022404),Fountain (0.14127079),Beach (0.13953955),Restaurant (0.13054085),Wellness & Spa (0.12761249),Building (0.11706181),Garden (0.1164467),Communal Areas (0.09490718),Kids Area (0.08575655)
http://ec2-18-191-252-182.us-east-2.compute.amazonaws.com:8182/iiif/2/FO-50-00073/full/full/0/default.jpg,Travel,People (0.94337827),Chair (0.40513796),Wedding (0.36458817),Sports & Activities (0.35322067),Daytime (0.28753),Ballroom (0.23820564),Summer (0.22020729),Bar (0.1830168),Terrace (0.17416862),Details (0.15944208),Boat (0.15857533),Television (0.15461741),Casino (0.14893188),Nighttime (0.1446968),Water Sports (0.118331164),Couch (0.10697727),Fireplace (0.10544707),Snow & Ski Sports (0.105431326),Yoga (0.10206081),Wellness & Spa (0.10190145)
http://ec2-18-191-252-182.us-east-2.compute.amazonaws.com:8182/iiif/2/FO-50-00191/full/full/0/default.jpg,Travel,Tennis Court (0.7705629),Water Sports (0.6905374),Beach (0.61328477),People (0.43202168),Summer (0.42749065),Snow & Ski Sports (0.40733904),Sports & Activities (0.3766129),Spring (0.25479224),Yoga (0.1880834),Wedding (0.18552284),Daytime (0.18449143),Boat (0.14966255),Animals (0.12596735),Nighttime (0.1249913),Kids Area (0.11114072),Ballroom (0.09711437),Autumn (0.092793256),Television (0.085783534),Golf Course (0.063384324),Bicycling (0.051236372)
http://ec2-18-191-252-182.us-east-2.compute.amazonaws.com:8182/iiif/2/FO-50-00239/full/full/0/default.jpg,Travel,Wedding (0.9714408),People (0.7335769),Spring (0.49456),Daytime (0.35574344),Tennis Court (0.32097217),Ballroom (0.3185887),Snow & Ski Sports (0.31151855),Autumn (0.29846057),Yoga (0.2554553),Summer (0.18847305),Television (0.16564086),Golf Course (0.16519709),Animals (0.1440405),Casino (0.13033669),Couch (0.12593357),Details (0.1006239),Nighttime (0.09876607),Boat (0.07304141),Sports & Activities (0.07025515),Garden (0.0683635)
http://ec2-18-191-252-182.us-east-2.compute.amazonaws.com:8182/iiif/2/FO-50-00245/full/full/0/default.jpg,Travel,People (0.9485453),Sports & Activities (0.5804053),Daytime (0.55270576),Wedding (0.3441313),Boat (0.32938817),Television (0.32933712),Casino (0.2933543),Nighttime (0.2737791),Fountain (0.2565807),Wardrobe (0.24355638),Summer (0.24196014),Tennis Court (0.22519724),Animals (0.21290775),Snow & Ski Sports (0.1718393),Details (0.17141043),Couch (0.14582275),Water Sports (0.11684655),Balcony (0.11604326),Building (0.11265918),Autumn (0.10803318)
http://ec2-18-191-252-182.us-east-2.compute.amazonaws.com:8182/iiif/2/FO-50-00336/full/full/0/default.jpg,Travel,Boat (0.99661165),Water Sports (0.23688287),People (0.19943206),Hot Tub (0.18741009),Daytime (0.15886593),Television (0.106470875),Summer (0.10467745),Fountain (0.09655493),Bathroom Bathtub (0.09395266),Details (0.09356679),Fireplace (0.082414016),Balcony (0.064007156),Wedding (0.06126338),Surroundings (0.054519612),Animals (0.04890267),Snow & Ski Sports (0.04803668),Couch (0.04148395),Sports & Activities (0.03475433),Garden (0.032670878),Entrance (0.031238288)
http://ec2-18-191-252-182.us-east-2.compute.amazonaws.com:8182/iiif/2/FO-50-00591/full/full/0/default.jpg,Travel,People (0.68325573),Wedding (0.5768365),Daytime (0.5299014),Fountain (0.4233431),Autumn (0.40967944),Tennis Court (0.3614102),Couch (0.30696565),Spring (0.27113965),Ballroom (0.27012902),Garden (0.25952202),Fireplace (0.24666712),Television (0.2456436),Animals (0.24044581),Snow & Ski Sports (0.21082723),Casino (0.20443965),Details (0.19968064),Yoga (0.1966567),Restaurant (0.19170028),Summer (0.15765342),Nighttime (0.14099906)
http://ec2-18-191-252-182.us-east-2.compute.amazonaws.com:8182/iiif/2/FO-50-00796_a3/full/full/0/default.jpg,Travel,Yoga (0.8580567),Daytime (0.5520025),Tennis Court (0.5366057),Snow & Ski Sports (0.39717287),Bicycling (0.36910987),People (0.31643495),Autumn (0.22802494),Ballroom (0.22044869),Summer (0.2054559),Water Sports (0.20442581),Spring (0.19423681),Sports & Activities (0.17517349),Animals (0.13326727),Television (0.103722684),Chair (0.101647824),Wedding (0.09816076),Casino (0.087388165),Nighttime (0.079474196),Water Park (0.076808915),Fireplace (0.0722267)
http://ec2-18-191-252-182.us-east-2.compute.amazonaws.com:8182/iiif/2/FO-50-00883/full/full/0/default.jpg,Travel,People (0.7183901),Television (0.59807354),Fountain (0.4701146),Daytime (0.45673645),Casino (0.37726238),Hot Tub (0.32371092),Sports & Activities (0.31679165),Fireplace (0.21482229),Nighttime (0.21299516),Animals (0.21150495),Summer (0.19986571),Billiards (0.19979574),Wedding (0.16581808),Details (0.16544382),Surroundings (0.1646706),Spring (0.16207695),Boat (0.14670062),Reception (0.14439414),Autumn (0.13274428),Entrance (0.12998672)
http://ec2-18-191-252-182.us-east-2.compute.amazonaws.com:8182/iiif/2/FO-50-00885/full/full/0/default.jpg,Travel,Wedding (0.9962863),Spring (0.6137924),People (0.4971629),Boat (0.37235606),Summer (0.33791208),Autumn (0.26386026),Daytime (0.18518564),Television (0.15708645),Fireplace (0.14633526),Animals (0.12088637),Garden (0.11856699),Fountain (0.1168747),Ballroom (0.11344792),Kids Area (0.10999136),Snow & Ski Sports (0.099303804),Tennis Court (0.0923105),Restaurant (0.07293676),Golf Course (0.06149038),Casino (0.061217833),Nighttime (0.054302268)
http://ec2-18-191-252-182.us-east-2.compute.amazonaws.com:8182/iiif/2/FO-50-00895/full/full/0/default.jpg,Travel,Wedding (0.89281183),Beach (0.79213715),Kids Area (0.5494005),Summer (0.43133557),Autumn (0.18303356),Spring (0.18267706),Snow & Ski Sports (0.17726187),People (0.1667216),Yoga (0.12073332),Water Sports (0.10545233),Boat (0.07973564),Garden (0.06535218),Golf Course (0.058650486),Fireplace (0.058113053),Daytime (0.055781923),Sports & Activities (0.05541691),Television (0.045266587),Winter (0.043119643),Surroundings (0.040768303),Massage (0.038901914)
http://ec2-18-191-252-182.us-east-2.compute.amazonaws.com:8182/iiif/2/FO-50-00902/full/full/0/default.jpg,Travel,Yoga (0.69000524),People (0.53073734),Kids Area (0.45328152),Wedding (0.42302603),Summer (0.41264364),Beach (0.33456266),Water Sports (0.23005514),Hot Tub (0.20562464),Spring (0.18553068),Massage (0.16613504),Terrace (0.13550608),Sports & Activities (0.12505636),Snow & Ski Sports (0.11974095),Boat (0.11414767),Animals (0.10689604),Fireplace (0.08154557),Food & Beverages (0.079368904),Wellness & Spa (0.06915541),Communal Areas (0.06354184),Bicycling (0.054439005)
http://ec2-18-191-252-182.us-east-2.compute.amazonaws.com:8182/iiif/2/FO-50-00903/full/full/0/default.jpg,Travel,Beach (0.6824431),Water Sports (0.65801394),People (0.5539251),Summer (0.42895105),Sports & Activities (0.36031058),Chair (0.24362434),Snow & Ski Sports (0.23706973),Boat (0.15062648),Wedding (0.1493814),Spring (0.14653584),Casino (0.12818512),Daytime (0.12610614),Kids Area (0.12319321),Hot Tub (0.11762769),Tennis Court (0.115559906),Surroundings (0.0655562),Details (0.0644003),Autumn (0.056553856),Massage (0.05556993),Water Park (0.054594193)
http://ec2-18-191-252-182.us-east-2.compute.amazonaws.com:8182/iiif/2/FO-50-00920_a3/full/full/0/default.jpg,Travel,Yoga (0.79900795),Daytime (0.73387206),People (0.50964856),Summer (0.46473202),Tennis Court (0.33770916),Spring (0.31501403),Water Sports (0.25906622),Boat (0.24911426),Bicycling (0.24194649),Sports & Activities (0.23408039),Wardrobe (0.22149296),Casino (0.17571121),Wedding (0.17470637),Snow & Ski Sports (0.16947493),Nighttime (0.14817913),Autumn (0.13353787),Television (0.12614131),Balcony (0.114609145),Ballroom (0.11119145),Details (0.10956976)
http://ec2-18-191-252-182.us-east-2.compute.amazonaws.com:8182/iiif/2/FO-50-00968_a3/full/full/0/default.jpg,Travel,Yoga (0.9153295),Water Sports (0.7816442),Summer (0.5029249),Beach (0.3868067),Daytime (0.2811666),People (0.26162258),Ballroom (0.24643888),Boat (0.22480622),Wedding (0.22240114),Bicycling (0.21246286),Tennis Court (0.2074331),Autumn (0.18280046),Fountain (0.14850067),Spring (0.12210694),Casino (0.10993681),Sports & Activities (0.10461682),Snow & Ski Sports (0.09218943),Water Park (0.06560127),Hot Tub (0.050193977),Nighttime (0.04757806)
http://ec2-18-191-252-182.us-east-2.compute.amazonaws.com:8182/iiif/2/FO-50-00972/full/full/0/default.jpg,Travel,Yoga (0.88031656),Beach (0.69078344),Wedding (0.5767006),Spring (0.52132195),Summer (0.46938613),Autumn (0.41562915),Water Sports (0.31076667),Daytime (0.28747725),Tennis Court (0.27836),People (0.2614829),Massage (0.20553243),Animals (0.17140217),Sports & Activities (0.16636862),Kids Area (0.14709206),Snow & Ski Sports (0.14448231),Hot Tub (0.14334199),Television (0.14012907),Boat (0.102596745),Water Park (0.08322077),Surroundings (0.078738794)
http://ec2-18-191-252-182.us-east-2.compute.amazonaws.com:8182/iiif/2/FO-50-01509/full/full/0/default.jpg,Travel,People (0.9040288),Animals (0.6022156),Daytime (0.5967226),Yoga (0.39462),Sports & Activities (0.34042984),Fireplace (0.29388317),Autumn (0.28477895),Surroundings (0.263591),Wedding (0.2634185),Fountain (0.24270749),Summer (0.20919064),Television (0.19479795),Snow & Ski Sports (0.18486904),Couch (0.15949015),Restaurant (0.14417699),Building (0.12268274),Kids Area (0.121255584),Spring (0.11389262),Nighttime (0.10857039),Casino (0.10432252)
http://ec2-18-191-252-182.us-east-2.compute.amazonaws.com:8182/iiif/2/FO-60-00027/full/full/0/default.jpg,Travel,Water Sports (0.6631966),Spring (0.5373583),Bicycling (0.48809907),Boat (0.4601459),Summer (0.4314983),People (0.22009413),Daytime (0.21617927),Sports & Activities (0.21277763),Yoga (0.20776668),Snow & Ski Sports (0.19280644),Hot Tub (0.18131615),Autumn (0.17130883),Tennis Court (0.14752127),Wedding (0.09767707),Television (0.09585835),Golf Course (0.06552475),Surroundings (0.06192148),Chair (0.05904237),Nighttime (0.052558668),Fountain (0.050228477)
http://ec2-18-191-252-182.us-east-2.compute.amazonaws.com:8182/iiif/2/FO-60-00134/full/full/0/default.jpg,Travel,Wedding (0.7549838),People (0.43835315),Spring (0.3180374),Tennis Court (0.3112361),Summer (0.2187513),Sports & Activities (0.21646814),Daytime (0.1976623),Garden (0.1789626),Autumn (0.16615249),Water Sports (0.1589072),Boat (0.14510754),Animals (0.13270076),Television (0.11557863),Wellness & Spa (0.11141154),Nighttime (0.10387702),Ballroom (0.09146988),Massage (0.08085219),Hot Tub (0.07799336),Fountain (0.07139392),Beach (0.06047508)
http://ec2-18-191-252-182.us-east-2.compute.amazonaws.com:8182/iiif/2/FO-60-00264/full/full/0/default.jpg,Travel,Wedding (0.43514594),Spring (0.39012462),People (0.33571222),Summer (0.28853485),Snow & Ski Sports (0.27041882),Autumn (0.25922692),Bicycling (0.25194305),Water Sports (0.2379912),Sports & Activities (0.22171342),Garden (0.21982905),Daytime (0.19433546),Details (0.17108642),Tennis Court (0.16941123),Television (0.16339716),Fountain (0.1457309),Golf Course (0.12561177),Chair (0.1241306),Boat (0.116955616),Surroundings (0.098588295),Nighttime (0.097536266)
http://ec2-18-191-252-182.us-east-2.compute.amazonaws.com:8182/iiif/2/FO-60-00552/full/full/0/default.jpg,Travel,Kids Area (0.69408756),Wedding (0.5396718),Summer (0.34860948),Beach (0.32681158),Water Sports (0.22552858),Boat (0.21897788),People (0.18820618),Garden (0.17071462),Surroundings (0.16955745),Wellness & Spa (0.14086622),Sauna (0.109036945),Hot Tub (0.10109894),Spring (0.09698971),View (0.0905266),Chair (0.08447948),Animals (0.074603),Water Park (0.07395149),Television (0.07313286),Massage (0.06776647),Daytime (0.06276672)
http://ec2-18-191-252-182.us-east-2.compute.amazonaws.com:8182/iiif/2/FO-60-00575/full/full/0/default.jpg,Travel,Boat (0.79081017),Snow & Ski Sports (0.4401926),Summer (0.41301325),Water Sports (0.34623942),Daytime (0.3450299),People (0.32389098),Tennis Court (0.31426987),Spring (0.2872757),Surroundings (0.2573675),Fountain (0.23523556),Bicycling (0.21734105),Sports & Activities (0.20261672),Autumn (0.15571064),Fireplace (0.13726942),Casino (0.12662011),Beach (0.12465516),Restaurant (0.104333945),Garden (0.10201644),Hot Tub (0.094076626),Winter (0.08387899)
http://ec2-18-191-252-182.us-east-2.compute.amazonaws.com:8182/iiif/2/FO-60-00587/full/full/0/default.jpg,Travel,Summer (0.5282576),Boat (0.49282038),Terrace (0.4301342),Restaurant (0.40223676),Sports & Activities (0.3611432),Food & Beverages (0.34296167),Water Sports (0.27689406),People (0.2762058),Spring (0.2617178),Snow & Ski Sports (0.19702068),Tennis Court (0.18993647),Wedding (0.14807929),Daytime (0.13347468),Beach (0.118285805),Autumn (0.10270753),View (0.10027624),Bar (0.09019877),Yoga (0.090099424),Winter (0.08599933),Kids Area (0.07996028)
http://ec2-18-191-252-182.us-east-2.compute.amazonaws.com:8182/iiif/2/FO-60-00602/full/full/0/default.jpg,Travel,Fountain (0.70861953),Terrace (0.6594527),Stairs (0.52186173),Entrance (0.47729182),Yoga (0.45366496),Surroundings (0.43677145),Garden (0.2971504),Summer (0.25610983),Restaurant (0.22189291),Communal Areas (0.19902344),Fireplace (0.18638201),Wellness & Spa (0.17290065),Food & Beverages (0.16482408),Reception (0.16269898),Autumn (0.16121101),View (0.1611855),Massage (0.15261512),Details (0.106803395),Bar (0.100864574),Daytime (0.09828043)
http://ec2-18-191-252-182.us-east-2.compute.amazonaws.com:8182/iiif/2/FO-60-00607/full/full/0/default.jpg,Travel,Wedding (0.9679511),Daytime (0.4619453),Beach (0.4102366),Summer (0.401767),People (0.28092644),Animals (0.2755056),Autumn (0.2566707),Water Sports (0.21162881),Sports & Activities (0.20687933),Snow & Ski Sports (0.20539923),Spring (0.14647512),Boat (0.11750281),Ballroom (0.07407246),Television (0.067170836),Terrace (0.051541902),Nighttime (0.04331418),Casino (0.040347125),Surroundings (0.038698625),Fireplace (0.033155546),Balcony (0.03222803)
http://ec2-18-191-252-182.us-east-2.compute.amazonaws.com:8182/iiif/2/FO-60-00616/full/full/0/default.jpg,Travel,Animals (0.5588861),Sports & Activities (0.39995468),Beach (0.34131643),Wedding (0.30637014),Summer (0.2837049),Daytime (0.2525022),Spring (0.20313172),Autumn (0.19843753),Snow & Ski Sports (0.19641623),Surroundings (0.133528),Terrace (0.12357723),People (0.12077154),Tennis Court (0.112787336),Garden (0.11222449),Water Sports (0.10864403),Kids Area (0.09393158),Yoga (0.08391516),Television (0.056572292),Fireplace (0.050647546),Golf Course (0.045868475)
http://ec2-18-191-252-182.us-east-2.compute.amazonaws.com:8182/iiif/2/FO-60-00622/full/full/0/default.jpg,Travel,Summer (0.76724255),Terrace (0.667842),Surroundings (0.5421861),Building (0.5273401),View (0.4826386),Kids Area (0.38435516),Garden (0.36243862),Communal Areas (0.28015253),Spring (0.26717487),People (0.24404353),Balcony (0.2390047),Beach (0.2077338),Daytime (0.18841903),Entrance (0.15235959),Outdoor Pool (0.14590465),Sports & Activities (0.12423736),Water Park (0.10940379),Animals (0.08637409),Autumn (0.0823222),Boat (0.07615851)
http://ec2-18-191-252-182.us-east-2.compute.amazonaws.com:8182/iiif/2/FO-60-00627/full/full/0/default.jpg,Travel,Daytime (0.67963403),People (0.62930304),Boat (0.5923131),Balcony (0.5146536),Surroundings (0.4838034),Summer (0.47678974),Fountain (0.469161),Terrace (0.3231072),Fireplace (0.30278844),Entrance (0.28968933),Animals (0.27019247),Wedding (0.26601854),Sports & Activities (0.24360675),Hot Tub (0.2418928),Restaurant (0.16749431),Autumn (0.15875772),Nighttime (0.14212106),Stairs (0.13972153),Spring (0.13676211),View (0.12632579)
http://ec2-18-191-252-182.us-east-2.compute.amazonaws.com:8182/iiif/2/FO-60-00647/full/full/0/default.jpg,Travel,Summer (0.45770788),Wedding (0.42533955),People (0.4019891),Kids Area (0.38791898),Beach (0.35557166),Boat (0.32686728),Sports & Activities (0.3106421),Water Sports (0.28695434),Yoga (0.28500408),Snow & Ski Sports (0.25491256),Chair (0.21628624),Water Park (0.20592421),Tennis Court (0.19004409),Terrace (0.17821532),Wellness & Spa (0.17060912),Spring (0.15012164),Outdoor Pool (0.13111103),Sauna (0.1301226),Hot Tub (0.124270625),Casino (0.114563785)
http://ec2-18-191-252-182.us-east-2.compute.amazonaws.com:8182/iiif/2/FO-60-00697/full/full/0/default.jpg,Travel,Surroundings (0.6129184),Summer (0.43706128),View (0.41845715),Sports & Activities (0.36938876),Spring (0.3376226),Terrace (0.30873892),Yoga (0.3023984),Fireplace (0.26701748),Entrance (0.25397387),Winter (0.23015195),Water Sports (0.2103006),Snow & Ski Sports (0.19952509),Autumn (0.18896548),Hot Tub (0.18798028),Balcony (0.18263035),Garden (0.17724034),Beach (0.1347883),Daytime (0.12662064),Stairs (0.12131218),Building (0.120583944)
http://ec2-18-191-252-182.us-east-2.compute.amazonaws.com:8182/iiif/2/FO-60-00750/full/full/0/default.jpg,Travel,Wedding (0.87636924),People (0.6691987),Daytime (0.52378637),Summer (0.3903266),Sports & Activities (0.38023132),Fountain (0.32652974),Terrace (0.22297385),Casino (0.18621968),Surroundings (0.18238294),Garden (0.17810413),Ballroom (0.16657159),Building (0.14271611),Communal Areas (0.14144668),Nighttime (0.13031453),Animals (0.12934785),Restaurant (0.11899391),Television (0.09733506),Balcony (0.09447856),Stairs (0.09215343),Golf Course (0.09134088)
http://ec2-18-191-252-182.us-east-2.compute.amazonaws.com:8182/iiif/2/FO-60-00751/full/full/0/default.jpg,Travel,People (0.7830231),Television (0.5298238),Tennis Court (0.43832365),Sports & Activities (0.35253966),Daytime (0.3485303),Snow & Ski Sports (0.3376057),Details (0.28550017),Summer (0.266174),Couch (0.26512107),Wedding (0.2575734),Hot Tub (0.25610146),Kids Area (0.24781005),Nighttime (0.23001055),Bicycling (0.22724706),Spring (0.21949029),Garden (0.20317988),Chair (0.19806685),Animals (0.1907018),Balcony (0.18209669),Fireplace (0.1743118)
http://ec2-18-191-252-182.us-east-2.compute.amazonaws.com:8182/iiif/2/FO-70-00041/full/full/0/default.jpg,Travel,Summer (0.43179592),Wedding (0.41136774),Yoga (0.40873057),Water Sports (0.3816578),Sports & Activities (0.28054678),Tennis Court (0.2690441),Spring (0.24421209),Bicycling (0.23417015),People (0.22971447),Boat (0.20412104),Kids Area (0.16168639),Golf Course (0.13777746),Daytime (0.13398182),Garden (0.13186716),Wellness & Spa (0.10344305),Hot Tub (0.0795984),Autumn (0.07518655),Massage (0.07511654),Animals (0.0736102),Chair (0.07024261)
http://ec2-18-191-252-182.us-east-2.compute.amazonaws.com:8182/iiif/2/FO-70-00042/full/full/0/default.jpg,Travel,Wedding (0.63610536),Beach (0.60738087),Kids Area (0.46352068),Summer (0.37708232),Terrace (0.26160797),Food & Beverages (0.17735839),Chair (0.1653683),Boat (0.15347336),Water Sports (0.14944153),Garden (0.11534147),Water Park (0.10979551),Surroundings (0.09453097),Restaurant (0.0818123),Bar (0.07401103),View (0.06824188),Autumn (0.063344516),Spring (0.06271502),Fireplace (0.05691103),People (0.056757353),Breakfast Buffet (0.052525125)
http://ec2-18-191-252-182.us-east-2.compute.amazonaws.com:8182/iiif/2/FO-70-00251/full/full/0/default.jpg,Travel,Boat (0.6182974),People (0.5524875),Wedding (0.42778802),Hot Tub (0.40649515),Fountain (0.34125307),Snow & Ski Sports (0.24516448),Balcony (0.17268616),Tennis Court (0.15667821),Daytime (0.15135023),Animals (0.14320973),Water Sports (0.14103721),Summer (0.13893254),Bicycling (0.13466537),Fireplace (0.10532685),Bathroom Bathtub (0.09718142),Kids Area (0.09155657),Bathroom Sink (0.08910091),Spring (0.08308477),Television (0.08296301),Restaurant (0.078140944)
http://ec2-18-191-252-182.us-east-2.compute.amazonaws.com:8182/iiif/2/FO-70-00538/full/full/0/default.jpg,Travel,Golf Course (0.91090834),Summer (0.7944555),Spring (0.757939),Wedding (0.6106965),Snow & Ski Sports (0.49401292),Autumn (0.36183077),Yoga (0.2257658),People (0.15991965),Garden (0.154103),Sports & Activities (0.118230835),Nighttime (0.104241125),Television (0.085207365),Winter (0.07877923),Daytime (0.06535933),Surroundings (0.05339434),Terrace (0.05083174),View (0.046434432),Bicycling (0.038035613),Details (0.03353844),Ballroom (0.030129053)
http://ec2-18-191-252-182.us-east-2.compute.amazonaws.com:8182/iiif/2/FO-70-00539/full/full/0/default.jpg,Travel,Golf Course (0.8984898),Wedding (0.79305565),Summer (0.5808147),Spring (0.5777661),Autumn (0.22831768),Snow & Ski Sports (0.16509861),Sports & Activities (0.14258084),People (0.12233489),Nighttime (0.11749269),Yoga (0.09042502),Garden (0.08927294),Daytime (0.08844026),Television (0.08372489),Entrance (0.082309365),Surroundings (0.07851566),View (0.072929576),Terrace (0.039679658),Sauna (0.033817064),Details (0.033462677),Winter (0.03104155)
http://ec2-18-191-252-182.us-east-2.compute.amazonaws.com:8182/iiif/2/FO-70-00631/full/full/0/default.jpg,Travel,Animals (0.79768705),Wedding (0.712415),Kids Area (0.586944),Garden (0.5019114),Summer (0.42273498),Massage (0.3880045),Spring (0.26924944),Wellness & Spa (0.23481146),Beach (0.17751801),Hot Tub (0.17143218),Yoga (0.13891049),Terrace (0.12946591),Autumn (0.115224764),People (0.10100098),Fireplace (0.09659568),Food & Beverages (0.09167374),Surroundings (0.090278864),Golf Course (0.0876433),Water Sports (0.07423681),Restaurant (0.069733635)
http://ec2-18-191-252-182.us-east-2.compute.amazonaws.com:8182/iiif/2/FO-80-00225/full/full/0/default.jpg,Travel,Terrace (0.8102975),Kids Area (0.5232799),Garden (0.5158543),Boat (0.4907585),Summer (0.4893243),Food & Beverages (0.4572754),Bar (0.3786055),People (0.3753895),Building (0.23620234),Reception (0.2262437),Restaurant (0.22464487),Fireplace (0.21545129),Communal Areas (0.20900723),Sports & Activities (0.17905998),Daytime (0.16178475),Entrance (0.16012427),Breakfast Buffet (0.12379397),Lounge (0.121035576),Spring (0.09417554),Animals (0.09159946)
http://ec2-18-191-252-182.us-east-2.compute.amazonaws.com:8182/iiif/2/FO-80-00328/full/full/0/default.jpg,Travel,Summer (0.9471193),Kids Area (0.6305487),Spring (0.5363799),Golf Course (0.37702677),Autumn (0.37275136),Water Sports (0.21837017),Surroundings (0.20549089),Terrace (0.20505272),View (0.18806323),Animals (0.18734789),Garden (0.16737093),Hot Tub (0.10823973),Yoga (0.10154863),Food & Beverages (0.08607767),Boat (0.06343259),Snow & Ski Sports (0.06035334),Fireplace (0.044883326),Television (0.042852845),People (0.036997605),Beach (0.03683054)
http://ec2-18-191-252-182.us-east-2.compute.amazonaws.com:8182/iiif/2/FO-80-00411/full/full/0/default.jpg,Travel,Animals (0.9748547),Kids Area (0.53753513),Summer (0.5015097),People (0.4191081),Daytime (0.40300867),Entrance (0.21533822),Food & Beverages (0.20955867),Sports & Activities (0.1917778),Fireplace (0.19023576),Wedding (0.1891113),Restaurant (0.1753729),Gift Shop (0.14174345),Communal Areas (0.13155225),Surroundings (0.11854241),Autumn (0.11488069),Television (0.114065416),Snow & Ski Sports (0.101303674),Boat (0.09532326),Fountain (0.09181303),Terrace (0.081373975)
http://ec2-18-191-252-182.us-east-2.compute.amazonaws.com:8182/iiif/2/FO-80-00412/full/full/0/default.jpg,Travel,Snow & Ski Sports (0.99746203),Winter (0.92279655),Kids Area (0.5418698),People (0.3999421),Summer (0.117277265),Sports & Activities (0.082558386),Restaurant (0.07081545),Water Sports (0.061749317),Fireplace (0.053851005),Boat (0.047487475),Television (0.044822898),Spring (0.044169396),Surroundings (0.03930491),Terrace (0.038509514),Daytime (0.038235065),Animals (0.035139065),Wedding (0.026315602),Food & Beverages (0.026137272),Garden (0.01725546),Entrance (0.016054112)
http://ec2-18-191-252-182.us-east-2.compute.amazonaws.com:8182/iiif/2/FO-80-00413/full/full/0/default.jpg,Travel,Snow & Ski Sports (0.9347506),Kids Area (0.75947404),Winter (0.5638727),Sports & Activities (0.5111654),Beach (0.5073651),Water Sports (0.40635037),People (0.3557998),Summer (0.21846075),Boat (0.081394434),Surroundings (0.07511296),Fireplace (0.07454642),Chair (0.0666689),Television (0.055878963),Daytime (0.054399673),Food & Beverages (0.050471205),Bar (0.04826801),Terrace (0.04217772),Building (0.03849076),Spring (0.036174357),Restaurant (0.035691537)
http://ec2-18-191-252-182.us-east-2.compute.amazonaws.com:8182/iiif/2/FO-80-00414/full/full/0/default.jpg,Travel,Boat (0.77321166),Terrace (0.5603015),Water Sports (0.5052663),Summer (0.47027144),View (0.35459498),Beach (0.33797947),Outdoor Pool (0.285273),Water Park (0.27275783),Kids Area (0.23932813),Casino (0.21717152),Communal Areas (0.2004372),Daytime (0.20009182),Animals (0.16277014),Bar (0.15583943),Lounge (0.1411589),Food & Beverages (0.13631149),Surroundings (0.13188909),People (0.11391247),Game Room (0.11169852),Yoga (0.107459284)
http://ec2-18-191-252-182.us-east-2.compute.amazonaws.com:8182/iiif/2/FO-80-00451/full/full/0/default.jpg,Travel,Beach (0.73171115),Summer (0.7122486),Sports & Activities (0.4068542),Spring (0.26711756),Daytime (0.2607236),Autumn (0.18743016),Snow & Ski Sports (0.18379667),Wedding (0.15978019),Water Sports (0.14899802),People (0.14400175),Yoga (0.1351302),Kids Area (0.12933607),Surroundings (0.11279212),Golf Course (0.11110588),Entrance (0.064134985),Television (0.063259594),Boat (0.060481597),Details (0.054003667),Garden (0.051266395),Tennis Court (0.04997171)
http://ec2-18-191-252-182.us-east-2.compute.amazonaws.com:8182/iiif/2/FO-80-00452/full/full/0/default.jpg,Travel,Sports & Activities (0.54502505),Wedding (0.42182565),Beach (0.39748493),Daytime (0.31770355),People (0.24273734),Snow & Ski Sports (0.23018144),Terrace (0.22830097),Summer (0.20332403),Animals (0.18886147),Surroundings (0.16441181),Spring (0.16422226),Restaurant (0.13893573),Kids Area (0.12823102),Autumn (0.11912103),Garden (0.113805145),Entrance (0.093581446),Stairs (0.08997868),Water Sports (0.08516627),Food & Beverages (0.08095409),Television (0.07896021)
http://ec2-18-191-252-182.us-east-2.compute.amazonaws.com:8182/iiif/2/FO-80-00482_a3/full/full/0/default.jpg,Travel,Summer (0.73595303),Spring (0.3999017),Autumn (0.29649967),Building (0.27959117),Surroundings (0.25871512),People (0.2536636),Entrance (0.20574526),Snow & Ski Sports (0.19033752),Winter (0.183892),Water Sports (0.15344815),Bicycling (0.15283613),Boat (0.14910337),Kids Area (0.13305885),Hot Tub (0.11585237),Television (0.11409533),Terrace (0.10551751),Daytime (0.10354276),View (0.08810687),Fireplace (0.070882924),Food & Beverages (0.06933975)
http://ec2-18-191-252-182.us-east-2.compute.amazonaws.com:8182/iiif/2/FO-80-00551/full/full/0/default.jpg,Travel,People (0.8600103),Daytime (0.71463937),Summer (0.5992511),Boat (0.5607463),Wedding (0.51078826),Terrace (0.2886671),Nighttime (0.27270073),Entrance (0.26472703),Autumn (0.23592496),Water Sports (0.2192945),Yoga (0.19917282),Restaurant (0.19190024),Food & Beverages (0.1879284),Surroundings (0.17834441),Television (0.15449375),Sports & Activities (0.14407535),Garden (0.14126115),Spring (0.13818875),Casino (0.1057498),Animals (0.10169416)
http://ec2-18-191-252-182.us-east-2.compute.amazonaws.com:8182/iiif/2/FO-80-00556/full/full/0/default.jpg,Travel,Summer (0.83531606),Snow & Ski Sports (0.6371949),Daytime (0.5461401),Surroundings (0.5175113),Entrance (0.480117),Bicycling (0.42075416),Spring (0.39804608),Autumn (0.39190522),People (0.35518497),Television (0.32365677),Winter (0.28120843),Boat (0.2562228),Animals (0.22337398),Sports & Activities (0.18417962),Kids Area (0.16399783),Building (0.13326842),Fireplace (0.119621366),Water Sports (0.11431493),Details (0.10764697),Garden (0.10309008)
http://ec2-18-191-252-182.us-east-2.compute.amazonaws.com:8182/iiif/2/FO-80-00557/full/full/0/default.jpg,Travel,Summer (0.85700625),Snow & Ski Sports (0.8236633),Daytime (0.660653),Autumn (0.5071502),Spring (0.5033729),People (0.45128313),Surroundings (0.4460191),Winter (0.44534644),Boat (0.37366048),Entrance (0.37287375),Television (0.3250682),Fireplace (0.28662568),Bicycling (0.26152202),Water Sports (0.24412692),Restaurant (0.21249644),Terrace (0.1911499),Animals (0.18185523),Food & Beverages (0.16615249),Yoga (0.15278372),Nighttime (0.14367728)
http://ec2-18-191-252-182.us-east-2.compute.amazonaws.com:8182/iiif/2/FO-80-00559/full/full/0/default.jpg,Travel,People (0.9235826),Summer (0.80885684),Boat (0.7224017),Daytime (0.44040513),Terrace (0.37189737),Television (0.30573893),Yoga (0.2810869),Spring (0.2810493),Water Sports (0.27494302),Snow & Ski Sports (0.26753137),Fireplace (0.25468573),Surroundings (0.23845482),Animals (0.22043754),Bicycling (0.21993187),Hot Tub (0.19722304),Sports & Activities (0.19334315),Kids Area (0.17198965),Entrance (0.15288794),View (0.1117595),Autumn (0.10684983)
http://ec2-18-191-252-182.us-east-2.compute.amazonaws.com:8182/iiif/2/FO-80-00560/full/full/0/default.jpg,Travel,People (0.7997213),Summer (0.74144566),Terrace (0.5321646),Daytime (0.5196405),Autumn (0.4077251),Kids Area (0.32436553),Surroundings (0.318995),Sports & Activities (0.30147007),Boat (0.22095504),Wedding (0.21165173),Spring (0.20894867),Entrance (0.1888819),Building (0.17542513),Animals (0.1740786),Balcony (0.1380347),Bicycling (0.13556224),Beach (0.13489923),View (0.13421895),Food & Beverages (0.12382629),Water Sports (0.09031176)
http://ec2-18-191-252-182.us-east-2.compute.amazonaws.com:8182/iiif/2/FO-90-00096/full/full/0/default.jpg,Travel,Daytime (0.78400797),People (0.77904874),Summer (0.6167342),Wedding (0.5351218),Restaurant (0.39380175),Snow & Ski Sports (0.3588392),Autumn (0.33559588),Bar (0.30360806),Animals (0.29896903),Terrace (0.2702549),Television (0.2191707),Casino (0.18761238),Food & Beverages (0.16757561),Surroundings (0.16200668),Water Sports (0.15041748),Details (0.1373254),Fireplace (0.12558796),Nighttime (0.11979558),Boat (0.116594285),Beach (0.113422655)
h g,Travel,People (0.79136574),Summer (0.64159584),Daytime (0.6145177),Terrace (0.48200396),Sports & Activities (0.4121638),Kids Area (0.41196838),Water Sports (0.36292732),Beach (0.33584645),Yoga (0.32943043),Wedding (0.2579142),Boat (0.21381134),Restaurant (0.17859948),Water Park (0.1753145),Food & Beverages (0.15937741),Garden (0.13441649),Snow & Ski Sports (0.12955111),Animals (0.12866427),Golf Course (0.1221838),Spring (0.12155551),View (0.11758876)
